Image Name,Category,No.1 Style,No.2 Style,No.3 Style,No.4 Style,Style 1 Keywords,Style 2 Keywords,Style 3 Keywords,Style 4 Keywords,Neuron No.1 Style,Neuron No.2 Style,Neuron No.3 Style,Neuron No.4 Style,Neuron Style 1 Keywords,Neuron Style 2 Keywords,Neuron Style 3 Keywords,Neuron Style 4 Keywords,Origin Neuron Focus,Origin Neuron Cognitive Demand,Origin Neuron Engagement,Origin Neuron Memory,Style 1 Neuron Focus,Style 1 Neuron Cognitive Demand,Style 1 Neuron Engagement,Style 1 Neuron Memory,Style 2 Neuron Focus,Style 2 Neuron Cognitive Demand,Style 2 Neuron Engagement,Style 2 Neuron Memory,Style 3 Neuron Focus,Style 3 Neuron Cognitive Demand,Style 3 Neuron Engagement,Style 3 Neuron Memory,Style 4 Neuron Focus,Style 4 Neuron Cognitive Demand,Style 4 Neuron Engagement,Style 4 Neuron Memory,Style 1 Heatmap %,Style 1 Red Dot %,Style 1 Yellow Dot %,Style 1 Green Dot %,Style 2 Heatmap %,Style 2 Red Dot %,Style 2 Yellow Dot %,Style 2 Green Dot %,Style 3 Heatmap %,Style 3 Red Dot %,Style 3 Yellow Dot %,Style 3 Green Dot %,Style 4 Heatmap %,Style 4 Red Dot %,Style 4 Yellow Dot %,Style 4 Green Dot %,Original Heatmap %,Original Red Dot %,Original Yellow Dot %,Original Green Dot %
Image 1: Art Store,Retail,2,1,3,4,"Vivid contrast,Clear reflections,Hard-to-read sign","Attractive flowers,Bold sign,Excellent contrast","Bright colors,Eccentric look,Illegible sign","Dark colors,Unnatural flowers,Unwelcoming appearance",1,2,3,4,"Store Sign, Door, Equal Focus","Store Sign, Door, Sign Dominant","Store Sign, Door, Door Dominant","Door, Windows, Single Focus",71,50,60,34,77,47,67,54,87,44,79,50,80,39,58,30,80,43,72,27,36.666,4.438,3.422,18.09,20.541,1.672,2.222,11.415,33.082,6.639,3.558,12.929,23.558,2.53,1.625,11.241,40.592,6.008,6.284,17.318
Image 2: Cosmetics Retail Store,Retail,4,2,3,1,"Unnatural reflections,Cartoonish look,High contrast","Natural color scheme,Unclear person,Inaccurate reflections","Dull appearance,Poor contrast,Indistinct reflections","Natural color scheme,Human-like figure,Strong contrast",3,1,4,2,"Store Sign, Left Sign, Bottom Windows","Central Window, Store Sign, Minimal Else","Store Sign, Door, Artwork","Door, Store Sign, Left Window",67,59,80,36,52,34,70,22,77,38,62,25,48,35,77,20,62,36,51,25,39.061,3.998,4.176,20.088,33.121,2.629,2.003,12.944,36.55,3.802,4.607,15.36,36.496,2.443,2.708,19.245,49.981,5.498,5.327,24.055
Image 3: Clothing Retail Store,Retail,1,3,2,4,"Bright green sign,Window reflections,Color scheme","Darker tones,Unnatural contrast,Green and brown","Purple sign,Sharper details,Brighter appearance","Dark and gloomy,Blurred reflections,Unsettling colors",1,4,3,2,"Store Sign, Bottom Left, Bottom Right","Bottom Window, Store Sign, Less Sign Focus","Store Sign, Bottom Window, Balanced Focus","Store Sign, Bottom Window, Minimal Else",57,46,61,57,52,50,51,53,68,40,68,51,63,41,60,48,59,41,62,40,45.224,7.794,5.943,24.587,34.325,4.66,2.583,22.388,35.26,5.711,1.971,18.449,36.341,3.51,4.66,22,31.237,1.217,1.491,17.282
Image 4: Flower and Art Shop,Retail,1,2,3,4,"Enhanced Door Image, Readable Sign, Visible Person","Soft Tones, Unnecessary Contrast, Relaxed Feel","Cartoonish Sketch, Aqua Sign, Unrealistic Style","Dull Scheme, Dark Frame, Hard to See Interior",3,4,2,1,"Store Sign, Subregions, Windows","Store Sign, Subregions, Less Windows","Store Sign, Central Window, Balanced Focus","Left Store Sign, Bottom Window, Balanced Focus",55,40,69,29,56,49,63,30,57,43,69,35,50,40,57,38,51,46,59,22,37.428,1.974,2.603,16.348,35.545,3.384,2.408,11.582,36.514,4.965,4.316,16.527,44.983,5.207,4.956,23.512,38.698,2.759,2.399,17.914
Image 5: Dry Cleaner Store,Retail,4,2,1,3,"Natural Contrast, Readable Phrases, Clear Reflection","Classical Contrast, Unreadable Phrases, Striking Look","Low Contrast, Unclear Circles, Illegible Text","Unfitting Colors, Sketchy Style, Inappropriate Artwork",2,4,1,3,"Right Window, Minimal Else, Bottom Focus","Left Window, Central Pillar, Store Sign","Left Window, Store Sign, Moderate Focus","Right Door, Central Window, Left Window",77,52,54,38,87,59,69,39,60,69,66,37,83,59,53,35,88,60,59,45,28.146,1.009,1.723,12.809,44.11,3.819,3.227,24.85,27.943,5.394,4.493,12.501,29.886,3.144,3.606,14.262,37.426,3.704,3.577,22.919
Image 6: Convenience Store,Retail,1,4,3,2,"Blue-Black Contrast, Natural Feel, Dreamlike Style","Too Much Black, Unreadable Sign, Unnatural Style","Unfitting Colors, Cartoonish Sign, Bright Look","Transparent Windows, Clear Reflections, Striking Colors",4,3,2,1,"Store Sign, Minimal Else, Central Focus","Store Sign, Minimal Else, Single Focus","Store Sign, Below Sign, Balanced Focus","Store Sign, Below Sign, Balanced Focus",78,54,87,50,88,44,56,43,86,51,65,48,76,44,53,45,73,52,60,41,19.077,2.003,1.211,8.844,19.038,1.327,1.672,13.856,21.213,2.539,1.318,8.229,31.938,2.543,2.565,18.82,35.96,4.852,3.984,12.209
Image 7: Retail Store Selling Fireplaces,Retail,4,2,1,3,"Hard to Read Sign, Unfitting Entrance, Exposed Sky","Readable Phrases, Unique Colors, Good Contrast","Shadowed Image, Unnatural Colors, Bright Mix","Grand Appearance, Bold Sign, Dark Scheme",4,3,1,2,"Left Store Sign, Central Door, Windows","Central Door, Store Sign, Windows","Store Sign, Central Door, Bottom Window","Left Sign, Right Sign, Central Door",55,37,87,23,67,34,75,27,80,32,76,27,63,33,80,33,57,52,71,35,32.992,5.586,4.417,16.927,23.853,2.061,3.861,16.299,32.037,4.104,3.476,16.81,38.922,5.271,4.165,22.211,34.304,3.807,2.835,19.32
Image 8: Japanese Grocery Store,Retail,1,4,2,3,"Modern Feel, Well-Defined Carts, Simple Scheme","Dark Coloration, Unreadable Sign, Uneven Lighting","Over-Bright Colors, Unnatural Highlights, Inappropriate Scheme","Relaxed Tone, Unfitting Font, Low Contrast",4,1,3,2,"Left Store Sign, Right Store Sign, Central Door","Door, Left Sign, Windows","Right Store Sign, Left Store Sign, Central Door","Left Sign, Right Sign, Multiple Focus",63,45,58,29,52,44,73,30,71,46,64,20,64,37,69,20,44,45,75,14,42.156,3.509,3.95,22.116,32.839,3.262,2.214,20.573,35.568,3.888,2.53,17.841,48.007,5.639,3.328,13.029,43.785,3.703,4.183,20.506
Image 9: Furniture Retail Store,Retail,2,4,1,3,"Low Contrast, Unreadable Sign, Eccentric Look","Clear Contrast, Natural Lighting, Readable Text","Colorful, Rainbow Scheme, Cartoonish Style","Strong Contrast, Natural Roof, Legible Text",2,4,1,3,"Store Sign, Lower Banner, Balanced Focus","Left Store Sign, Right Store Sign, Lower Banner","Store Sign, Lower Banner, Minimal Else","Right Store Sign, Lower Banner, Minimal Else",89,39,94,50,84,48,80,48,82,40,72,45,84,37,78,45,84,38,77,49,19.768,1.453,2.062,10.122,19.177,3.172,2.136,7.962,20.304,1.765,2.594,7.586,17.434,1.19,0.932,4.921,27.061,1.469,5.124,11.638
Image 10: Florist Store,Retail,2,1,3,4,"Sharp Reflections, Unreadable Text, Strong Color Scheme","Accurate Reflections, Unique Texture, Bold Contrast","Animated Feel, Hazy Backdrop, Rainbow Colors","Dark Mood, Low Brightness, Unappealing Style",1,2,4,3,"Left Store Sign, Right Store Sign, Bottom Windows","Left Store Sign, Right Store Sign, Bottom Windows","Store Sign, Artwork, Minimal Else","Central Window Left, Central Window Right, Store Sign",48,35,56,61,60,37,82,28,55,44,78,47,82,41,92,57,68,42,90,31,39.116,3.224,5.726,24.617,41.772,7.273,3.556,13.829,27.145,3.683,2.262,13.555,42.303,3.68,3.827,25.369,35.26,2.66,1.671,17.586
Image 11: Clothes Store,Retail,2,3,1,4,"Illegible sign, Dark, Gloomy","High contrast, Vibrant, Clear","Comic-like, Vibrant, Pronounced","Low contrast, Dull, Blurry",4,2,1,3,"Door, Window, Door Dominant","Store Sign, Door, Minor Surround","Right Sign, Left Sign, Sign Dominant","Multiple Regions, Scattered, Minimal Else",65,41,70,41,64,46,72,42,70,43,60,43,78,40,60,39,66,37,48,41,39.567,4.833,3.624,23.559,28.57,5.36,3.006,13.914,26.465,3.126,1.977,13.142,31.873,2.474,2.714,17.792,29.292,1.767,1.218,12.554
Image 12: Decoration Store,Retail,2,4,1,3,"Unnatural pink, High contrast, Clear","Bold contrast, Soft, Defined","Colorful, Energetic, Hazy","Dark, Little contrast, Blurry",3,1,4,2,"Store Sign, Bottom Window, Right Door","Left Sign, Bottom Window, Right Door","Store Sign, Central Window, Balanced","Store Sign Left, Store Sign Right, Bottom Windows",75,36,53,42,74,42,79,42,84,42,78,42,65,36,65,50,75,44,82,36,23.723,2.98,3.366,13.394,23.719,3.255,2.851,10.599,36.798,4.357,3.634,19.576,25.124,3.528,2.644,12.349,32.27,3.073,3.564,12.958
Image 13: Candy Shop,Retail,4,1,2,3,"Purple shades, Lit, Transparent","Odd colors, Well-defined, Unnatural","Vibrant, Playful, Overdone","Blue shades, Natural, Dreamlike",4,1,2,3,"Central Window, Store Sign, High Surround","Store Sign, Bottom Window, Minor Central","Central Focus, Minimal Else, Store Sign","Store Sign, Glass Door, Balanced Focus",53,50,69,31,36,37,74,26,49,32,58,35,58,37,61,24,43,34,55,41,57.022,3.625,3.775,27.809,47.063,8.055,5.182,20.927,44.102,4.599,4.152,23.444,48.601,5.137,4.908,27.414,49.434,1.815,2.866,26.08
Image 14: Gift Shop,Retail,2,4,1,3,"Low contrast, Hazy, Blunt","Midnight sun, Clear, Bold","Vivid colors, Unnatural, Sketch-like","Dull, Smudged, Unclear",2,4,1,3,"Artwork, Store Sign, Windows","Store Sign, Artwork, Minor Pillar","Store Pillar, Store Sign, Artwork","Store Pillar, Store Sign, Windows",80,45,77,60,88,44,69,47,81,53,71,45,86,47,61,44,76,47,63,44,18.798,1.428,1.165,7.912,24.605,4.256,2.315,10.632,19.205,2.756,1.89,7.622,31.703,4.081,4.034,19.101,18.637,0.594,1.176,7.95
Image 15: Pottery Store,Retail,4,3,2,1,"Dim, Red signs, Poor reflections","Bright, Yellow, Contrasting","Well-defined, Pink signs, Elegant","Natural, Soft, Calm",2,1,4,3,"Upper Sign, Lower Sign, Minimal Else","Upper Sign, Lower Sign, Balanced Focus","Upper Sign, Focused, Minimal Else","Upper Sign, Windows, Other Signs",67,42,85,34,85,51,81,46,81,40,71,44,90,53,66,45,89,41,72,36,23.319,1.251,1.857,11.736,21.222,3.717,3.392,8.025,19.764,3.497,1.866,5.742,19.009,0.864,1.815,9.767,21.388,0.985,2.615,9.864
Image 16: Mexican Market,Retail,2,1,3,4,"Soft, Modern, Reflective","Natural fit, Sharp, Contrasting","Odd colors, Vivid purple, Defined","Dull, Sketch-like, Overused black",1,4,3,2,"Right Sign, Bottom Windows, Multiple Regions","Bottom Right Sign, Upper Sign, Windows","Bottom Center, Windows, Minimal Else","Bottom Right Sign, Upper Sign, Windows",48,36,71,47,63,36,75,31,91,37,79,34,82,34,65,32,76,35,72,23,33.432,4.983,2.848,11.338,19.605,4.34,3.835,9.903,25.355,2.95,2.756,9.805,25.948,1.178,1.317,11.544,28.278,1.734,2.745,15.733
Image 17: Insurance Retail Store,Retail,1,4,2,3,"Bold red, Clear, Fitting","Extreme yellow, Vivid, Clashing","Too bright, Cartoonish, Illegible","Soft blue, Dim, Hazy",3,1,4,2,"Central Window, Left Window, Right Window","Central Window, Store Sign, Surrounding","Store Sign Left, Store Sign Right, Bottom Windows","Central Window, Store Sign, Adjacent Windows",55,42,69,35,82,44,71,45,90,48,66,25,76,45,77,39,82,39,64,20,27.144,2.365,3.728,10.746,21.313,5.509,3.36,9.102,31.354,3.949,3.43,14.288,29.799,1.599,1.785,13.182,31.05,0.664,0.762,13.185
Image 18: Vitamin and Supplements Shop,Retail,2,3,1,4,"Soft, Natural, Hazy","Natural, Bold, Contrasting","Extreme, Pronounced, Vivid","Dark, Gloomy, Luxurious",1,2,4,3,"Store Sign, Door Left, Door Right","Door, Store Sign, Minor Windows","Red Store Sign, Windows, Bulletin Board","Store Sign, Door, Left Window",71,32,56,30,50,30,57,35,55,29,69,35,72,31,65,40,60,33,74,32,38.032,3.761,4.278,17.66,34.603,3.672,4.673,18.597,34.566,3.457,2.983,19.881,35.354,4.322,5.32,20.361,35.335,2.441,3.07,18.132
Image 19: Smoke Shop,Retail,1,4,3,2,"Well-defined, Bold, Legible","Extreme reflections, Messy","Cartoonish, Bright, Vivid","Luxurious, Clear, Overused green",3,2,4,1,"Right Store Sign, Left Window, Minor Windows","Right Store Sign, Left Window, Balanced","Left Window, Right Sign, Upper Window","Right Store Sign, Minimal Else, Single Focus",84,55,79,59,95,53,63,55,91,48,76,44,79,43,68,49,96,50,58,47,21.482,5.011,2.007,10.084,18.936,2.597,3.366,8.313,22.799,2.878,2.955,12.852,12.628,1.699,1.609,5.506,36.15,1.86,1.669,15.584
Image 20: Men__ Clothing Store,Retail,2,1,4,3,"Extreme purple, Bold, Blurry","Simple, Good contrast, Clear","Unnatural, Bright, Low contrast","Dark, Peculiar, Contrasting",1,3,2,4,"Store Sign, Lower Window, Multiple Focus","Store Sign, Lower Window, Upper Window","Store Sign, Lower Windows, Connected Regions","Store Sign, Lower Windows, Connected Regions",38,45,78,39,43,37,79,27,41,41,69,31,47,39,79,23,47,44,69,36,41.515,5.549,3.894,16.527,42.907,3.891,3.63,14.864,45.742,4.559,3.1,17.428,45.575,2.889,3.93,25.189,51.742,4.114,7.364,22.854
Image 21: Toy Store,Retail,4,2,3,1,"Green signboard, blurry text, reflection clutter","Color contrast, reflective effect, clear architectural details","Rainbow colors, cartoonish, excessive colors","Color harmony, strong contrast, clear definition",1,2,3,4,"Upper, Central, Lower","Store Sign, Minimal Else, Focused","Store Sign, Minimal Else, Consistent","Store Sign, Minimal Else, Singular Focus",70,33,72,38,43,31,58,46,60,30,51,39,78,32,79,37,72,35,69,32,42.13,4.914,3.635,15.444,32.864,4.777,3.323,12.58,25.934,3.85,2.942,10.789,33.297,5.664,3.972,14.289,35.835,3.172,4.998,17.702
Image 22: Cosmetics Store,Retail,2,4,3,1,"Monotonous red, crooked signboard, excessive colors","Deep blue sign, vivid colors, bright lighting","Multicolored sign, welcoming contrast, complex colors","Color contrast, soft visuals, moderate reflections",4,1,2,3,"Store Sign, Bottom Windows, High Focus","Below Sign, Central Window, Pillars","Central Window, Store Sign, Surrounding Windows","Store Sign, Door Top, Below Roof",76,34,77,55,65,35,67,49,71,40,75,29,81,40,80,43,51,36,69,29,32.287,3.118,3.29,15.946,35.913,3.899,3.998,18.421,25.249,3.711,2.158,11.948,37.508,3.541,2.116,17.349,27.518,2.454,2.03,11.991
Image 23: Korean Cosmetics Store,Retail,4,2,1,3,"Bright pink-blue sign, blurry visuals, few colors","Yellow contrast, bright interior, overexposed areas","Too many colors, cartoonish, clear image","Natural colors, blue-white contrast, clear reflections",2,3,4,1,"Central Window, Right Sign, Balanced Focus","Store Sign, Central Window, Multiple Regions","Central Window, Store Sign, Multi Focus","Left Window, Central Window, Right Window",48,49,69,40,73,40,61,41,59,46,77,20,61,49,67,37,71,42,54,19,31.302,5.037,4.366,7.583,37.004,6.949,6.202,14.54,40.072,5.157,4.461,18.212,34.16,3.788,4.171,18.538,43.556,2.365,2.547,26.628
Image 24: Cosmetics Store,Retail,4,3,2,1,"Shadow obstruction, low quality, modern elements","Dark wood, classical feel, dark tones","Elegant, dreamy colors, artificial feel","Modern elegance, golden contrast, clear details",2,1,4,3,"Right Sign, Central Window, Balanced","Store Sign Left, Store Sign Right, Central Window","Left Sign, Minimal Else, Store Sign Focus","Store Sign Left, Store Sign Right, Central Window",71,47,80,23,70,43,75,35,69,46,77,22,72,41,72,25,72,50,74,41,32.314,2.974,3.284,22.666,32.87,3.704,5.354,22.115,29.939,4.006,2.021,18.558,36.324,3.456,4.832,21.653,33.08,2.572,3.791,17.821
Image 25: Smoke Shop,Retail,2,3,1,4,"Dark sign, lack contrast, ordinary details","Contrast color, welcoming feel, coordinated details","Multicolor sign, natural roof, complex colors","No contrast, rough texture, luxurious feel",4,1,2,3,"Store Sign, Bottom Right Window, Central Window","Bottom Right Window, Store Sign, Central Window","Bottom Right Window, Store Sign, Minimal Else","Store Sign, Bottom Right Window, Dual Focus",82,55,76,55,82,42,76,47,87,48,59,54,89,36,73,33,67,48,57,52,27.029,4.442,2.587,14.548,22.791,4.837,2.308,12.436,19.079,2.852,2.236,9.348,31.534,4.463,3.829,20.742,25.564,3.43,4.009,11.12
Image 26: Tobacco Shop,Retail,2,4,3,1,"Excessive green, blurry colors, cheap look","Prominent text, sharp clarity","Multicolor, animated feel, color contrast","Blue-white-black, soft natural, clear text",4,1,2,3,"Central Window, Left Window, Right Window","Right Window, Store Sign, Left Window","Left Window, Right Window, Minimal Else","Left Window, Right Window, Central Windows",72,37,80,38,63,39,71,48,79,48,78,32,80,41,75,44,64,34,70,29,53.069,8.226,4.215,18.397,29.837,5.669,4.106,13.642,28.217,4.016,2.991,14.26,33.729,2.763,2.223,16.2,29.578,2.187,2.501,16.808
Image 27: Smoke Shop,Retail,4,2,1,3,"Green-white color, overly bright, blurry parts","Sunset tones, highlighted details","Multicolor reflection, youthful vibe, cluttered blur","Soft natural, low-key colors, clear details",3,2,4,1,"Upper Sign, Windows, Minimal Else","Upper Sign, Bottom Windows, Minimal Else","Upper Sign, Windows, Minimal Else","Upper Sign, Minimal Else, Singular Focus",72,39,74,51,82,32,67,40,68,37,64,35,57,32,80,45,71,29,63,29,26.712,3.102,3.172,10.626,33.564,6.907,2.925,15.757,42.152,5.267,4.003,22.807,32.186,2.989,2.764,15.749,39.997,2.141,2.928,18.547
Image 28: Street Convenience Store,Retail,3,4,2,1,"Shadow obstruction, bright pink sign, color clash","Soft colors, dull blur, blurry sign","Colorful contrast, clear definition, complete details","Soft natural, pale blue sign, blurry right side",1,3,2,4,"Gated Door, Store Signs, Bottom Window","Gated Door, Store Sign, Bottom Window","Gated Door, Store Sign, Groceries Roof","Gated Door, Left Door, High Focus",73,53,72,64,60,49,58,52,73,39,73,60,74,54,59,55,77,38,56,46,35.264,3.483,4.078,18.832,27.482,3.226,2.754,11.265,36.174,2.887,4.483,16.998,24.712,1.759,2.045,11.154,36.546,3.367,3.398,17.614
Image 29: Quick Buy Store,Retail,3,4,1,2,"Red sign, blurry center, dull tones","Contract color, prominent text, unnatural","Dull dusty, clear view, white-purple contrast","Color highlight, overly bright, flat details",3,4,1,2,"Right Sign, Central Window, Left Sign","Right Sign, Minimal Else, Focused","Right Sign, Central Window, Dual Focus","Right Sign, Minimal Else, Singular Focus",73,50,72,44,76,34,76,51,91,41,67,44,74,38,81,44,72,37,88,36,28.246,1.532,2.545,11.593,20.11,4.709,1.223,9.926,28.421,4.196,2.063,10.231,31.646,1.379,2.079,19.852,25.086,3.335,1.468,8.289
Image 30: Glass Store,Retail,2,3,4,1,"Colorful, blurry colors, partial blur","Coordinated brick wall, elegant natural","Color contrast, sharp clarity, obvious brick texture","Shadow obstruction, brown contrast, hazy blur",3,2,4,1,"Central Window, Left Sign, Right Sign","Store Sign Left, Store Sign Right, Central Window","Left Sign, Right Sign, Central Window","Central Window, Left Sign, Right Sign",54,40,64,34,71,34,70,32,64,38,48,19,60,39,68,35,65,38,59,29,30.091,6.307,2.479,12.145,29.315,3.655,2.418,14.55,32.628,3.296,3.813,14.427,31.486,3.586,2.878,18.809,34.447,1.374,2.804,20.468
Image 31: Handicrafts Store,Retail,2,1,4,3,"Modern, colorful, friendly feel","Artistic window, grand natural","Dull yellow, blue window art, gloomy atmosphere","Glaring red, coordinated brick",3,1,4,2,"Green Sign, Central Window Left, Central Window Right","Upper Sign, Minimal Else, Focused","Yellow Sign, Bottom Left Window, Dual Focus","Upper Sign, Minimal Else, Singular Focus",64,38,64,40,67,37,72,26,82,40,85,35,69,35,68,24,74,39,82,32,32.652,3.085,3.008,14.723,27.759,2.794,1.849,12.754,33.216,5.549,3.409,12.605,32.512,3.341,2.481,14.32,36.496,1.983,3.025,21.159
Image 32: Clothing Store,Retail,2,1,4,3,"Natural green, blurry dullness","White frame, bright interior","Dull blur, bright blue clash, gloomy feeling","Dark contrast, white background, excessive blue",2,3,4,1,"Central Window, Store Sign, Bottom Left Window","Store Sign, Bottom Window, Central Window","Central Window, Store Sign, Bottom Left Window","Store Sign, Central Window, Minimal Else",67,55,68,30,89,42,59,29,71,43,82,37,73,41,77,39,76,41,74,31,27.69,2.971,2.016,6.811,26.297,6.799,4.214,8.501,24.893,2.442,1.707,11.518,24.824,3.242,2.031,11.515,35.036,2.732,3.015,17.888
Image 33: Dry Clean Store,Retail,2,4,1,3,"Natural feel, unclear blur, poor readability","Elegant natural, clear reflection","Pure white wall, purple mismatch, messy colors","Bright orange accents, vivid overall",4,3,1,2,"Bottom Right Window, Store Sign, Central Window","Bottom Right Window, Minimal Else, Low Focus","Store Sign, Purple Artwork, Bottom Right Window","Store Sign, Central Window, Bottom Right Window",59,26,68,28,56,29,66,59,79,30,55,35,45,27,65,38,35,27,59,35,37.503,5.903,3.786,16.409,33.396,5.474,4.176,12.486,41.891,4.466,3.544,19.333,49.271,3.457,7.553,21.912,39.182,2.341,2.556,17.294
Image 34: Tobacco Store,Retail,2,4,1,3,"Vibrant colors, red background, too strong contrast","Clear definition, warm tones, yellow-blue contrast","Complex colors, dark contrast, cluttered feel","Soft blue, wood contrast, natural feel",1,2,4,3,"Store Sign, Below Sign Left, Below Sign Right","Store Sign Left, White Fence, High Focus","Parking Sign, Below Sign, White Fence","Store Sign Left, White Fence, Minimal Else",73,67,71,55,75,67,59,42,80,62,63,40,71,49,58,37,84,54,57,29,30.628,2.551,3.691,16.266,36.352,6.434,3.698,14.37,30.743,3.2,2.294,11.846,30.251,1.988,1.453,14.474,36.109,5.008,6.324,18.109
Image 1: Cafe and Bar,Restaurant,3,1,2,4,"Bright Orange, Light Gray, Modern","Nice Contrast, Warm, Welcoming","Difficult To Read, Neat, Polished","Cyan Blue, Vivid, Cheap Feel",4,3,2,1,"Red Sign, Upper Words, Pillars","Central Sign, Upper Words, Less Pillars","Blue Red Sign, Upper Words, Minimal Pillars","White Sign, Sausage Word, Minimal Pillars",57,56,53,39,75,51,70,31,81,41,66,26,71,41,62,26,74,39,61,28,46.735,5.866,7.454,14.173,22.822,3.263,1.292,11.353,36.713,7.047,6.819,16.284,29.612,1.67,1.496,13.755,42.634,3.927,3.948,16.89
Image 2: Coffee and Tea,Restaurant,4,1,3,2,"Bright Red, Well-Polished, Contrast","Simple, Modern, Neat","Simplistic color, Dull, Boring","Bright, Vivid, Difficult To Read",2,3,4,1,"Red Sign, Upper Window, Minimal Bottom","Yellow Sign, Upper Window, Four Regions","Blue Sign, Upper Window, Large Circle","White Black Sign, Upper Window, Minimal Bottom",53,57,87,33,59,43,71,45,48,42,78,17,53,41,66,19,52,41,52,35,45.447,4.577,6.885,26.903,43.809,10.167,6.655,21.364,41.124,6.121,5.773,17.826,34.392,3.132,2.631,16.581,50.965,6.082,7.944,23.645
Image 3: Uyghur Cuisine (Halal food),Restaurant,2,1,4,3,"Black White, Contrast, Fitting","Modern, Luxurious, Yellow Lighting","Bold Purple, Plain, Run-Down","Dark Green, Unfitting, Difficult To Read",4,1,3,2,"Bulletin Board, Store Sign, Low Doors","Bulletin Board, Store Sign, Minimal Surrounding","Bulletin Board, Dull Sign, No Doors","Bulletin Board, Store Sign, Rightward Extension",93,89,70,52,83,56,68,40,92,56,71,44,82,41,58,38,76,44,66,55,28.065,4.275,3.25,10.172,21.899,3.184,2.384,8.443,19.975,1.565,1.243,10.378,24.662,3.558,1.983,10.77,31.74,4.764,3.479,12.846
Image 4: Asian BBQ,Restaurant,2,4,1,3,"Plain, Red Pattern, Contrast","Bold, Neat, Well-Polished","Doors Blend, Less Striking, Unnecessary Contrast","Checkered Doors, Less Appealing, Dark Green",4,2,1,3,"Gray Door, Store Sign, Pillar","Black Door, Window Edge, Minimal Surrounding","Brown Door, Small Region, No Surrounding","Black Door, Large Region, Minimal Surrounding",79,71,72,64,81,40,68,34,85,44,58,34,87,39,70,34,80,41,57,28,30.349,2.72,1.448,12.433,19.775,2.61,1.357,10.202,20.041,2.665,2.649,9.343,24.525,3.607,1.792,12.067,39.185,7.912,2.669,14.374
Image 5: Ice Cream,Restaurant,2,3,1,4,"Many Colors, Blossom Pink, Contrast","Vivid Yellow, Bright, Nice Scheme","Blue Sign, Wood, Extreme Wood","Large Green, Extreme, Neat",1,2,4,3,"Multiple Ads, Red Blue Sign, Bulletin","White Sign, Bulletin Board, Three Regions","Center Store, Bulletin Board, Less Upper","Upper Bulletin, Green Sign, Center Store",82,58,72,72,64,43,90,52,77,44,71,55,78,43,72,47,68,42,58,43,39.325,5.01,5.333,17.238,26.109,4.877,3.252,12.359,26.579,3.326,4.031,13.884,36.041,3.055,1.577,17.682,34.651,3.35,5.319,12.621
Image 6: Basque Cafe,Restaurant,1,2,4,3,"Warm, Black Yellow, Welcoming","Contrast, Neat, Polished","Cluttered, Rainbow Colors, Unnatural","Cyan Blue, Vivid, Cheap Toy Store",4,1,2,3,"White Cursive Sign, Multi Regions, Center Focus","Black Cursive Sign, Central Spread, Less Intense","Purple Sign, Low Others, Minimal Focus","Store Sign, Minimal Others, No Surrounding Focus",74,51,84,58,81,41,69,34,79,36,62,43,75,38,64,39,70,37,46,44,28.172,4.652,2.521,12.511,30.453,4.434,3.496,15.269,34.778,2.982,3.374,17.389,31.73,2.301,1.397,14.631,44.727,5.059,4.891,21.437
Image 7: Healthy Restaurant,Restaurant,2,1,4,3,"Simple, Light Green, Naturally Fitting","Bold, Sharp, Clear","Many Bright Colors, Shadow Interrupted","Blurry, Not Sharp, Nice Colors",3,4,1,2,"Green Banner, Lower Focus, Less Upper","Upper Sign, Lower Banner, Text Focus","Upper Sign, Lower Banner, Wider Lower","Upper Sign, Lower Banner, Same Two Regions",88,55,74,55,93,39,62,35,84,38,73,50,70,35,74,31,84,37,59,38,20.296,2.928,2.161,8.733,17.611,3.947,1.855,8.656,31.881,6.009,2.918,13.736,20.291,2.584,2.055,7.447,34.592,5.023,7.303,10.353
Image 8: International Cuisine (for catering),Restaurant,3,2,4,1,"Difficult To Read, Cluttered, Blue Sign","Black Orange, Contrast, Enhanced","Blue Orange, Natural, Appealing","Bright, Light Green, Contrast",3,1,4,2,"Blue Sign, White Door, Bottom Window","White Sign, Less Door, Minimal Window","Gray Door, Less Sign, Small Focus","Green Sign, Small Door, Minimal Others",80,92,49,57,78,49,74,36,82,51,70,33,86,52,64,49,86,42,69,45,35.275,3.494,4.49,16.127,23.179,1.05,1.862,11.906,23.245,3.238,2.271,9.829,27.215,3.315,2.436,12.341,37.265,1.667,5.3,14.283
Image 9: Local Cafe,Restaurant,2,4,1,3,"Dark, Less Attractive, Neat","Black White, Natural, Modern","Many Bright Colors, Extreme","Soft, Pleasing, Light Green",3,1,2,4,"Windows Left, Windows Right, Sign Expansion","Left Window, Right Window, Low Attention","Windows, Sign, Larger Focus","Left Window, Right Window, Equal Focus",69,46,75,48,68,45,58,52,91,45,84,56,69,39,79,55,91,41,51,54,37.092,3.453,4.46,20.659,17.033,2.602,1.35,7.445,31.088,2.109,2.885,15.57,18.372,1.932,1.128,7.501,39.853,6.683,3.311,17.431
Image 10: Pizza,Restaurant,2,4,1,3,"Black Walls, Dark, Modern","Simplistic, Modern, Sharp","Bright Purple, Extreme, Cheap","Bright Green, Welcoming, Contrast",2,1,3,4,"Central Window, Black Sign, Green Spread","Central Window, Black Sign, Surrounding Less","Central Window, White Sign, Less Surrounding","Central Window, Surround Less, Less Left Right",50,38,80,47,51,36,80,46,49,37,75,39,52,32,87,25,72,34,66,29,46.783,5.044,4.807,28.692,46.559,8.614,3.223,19.021,41.251,7.926,3.603,20.214,38.578,3.935,1.547,15.162,51.651,2.822,5.57,20.971
Image 11: Cafe for Bowls,Restaurant,2,1,4,3,"Vivid Blue, Bold, Enhanced","Orange, Simplistic, Modern","Bright Colors, Unnatural","Green Gray, Dark, Modern",1,3,4,2,"Yellow Blue Sign, Central Region, Large Focus","Orange Black Sign, White Banner, Text Focus","Yellow Purple Sign, Central Region, Large Focus","White Gray Sign, Central Region, Large Focus",50,37,72,43,37,32,66,34,73,31,59,23,46,34,81,27,53,28,41,27,57.329,5.348,7.128,30.132,38.442,9.178,3.89,12.525,50.157,5.582,3.69,24.876,44.019,5.169,2.102,21.709,56.058,5.736,7.156,21.865
Image 12: Kazoo Sushi,Restaurant,2,4,1,3,"Bright Red Blue, Unnecessary Contrast","Black White Brown, Polished","Bright Colors, Dull, Unappealing","Dark, Difficult To Read, Modern",3,4,2,1,"Red Sign, White Wall, Bulletin","Gray White Sign, White Wall, Small Door","Store Wall, Large Region, Less Sign","White Wall, Small Door, Minimal Surrounding",72,55,91,53,84,48,67,51,71,48,75,47,53,42,81,54,70,44,63,55,29.463,3.031,3.301,11.788,29.938,3.778,2.413,12.597,42.134,3.581,4.194,25.592,34.581,3.755,2.17,17.877,51.069,6.187,7.361,19.731
Image 13: Sandwich,Restaurant,2,3,1,4,"Bright Red, Extreme, Enhanced","Black White, Well-Polished, Complete","Dark Amber, Appealing, Contrast","Too Much Brown, Dull, Unenhanced",3,1,4,2,"White Red Sign, Bottom Half, Small Green","White Sign, Small Expansion, Minimal Surrounding","Orange Sign, Small Expansion, Minimal Others","Brown Sign, Single Focus, Minimal Attention",68,41,72,29,69,45,87,45,81,34,57,40,65,29,61,32,77,30,64,25,35.016,3.554,3.166,12.349,23.733,2.805,1.628,9.166,25.399,4.304,4.727,10.523,19.183,2.123,3.547,10.533,44.1,6.294,5.497,16.238
Image 14: French Restaurant,Restaurant,2,1,4,3,"Bright Red, Sharp, Light Gray","Luxurious, Palatial, Polished","Many Colors, Cluttered","Green Brown, Blurry, Unpolished",2,4,3,1,"Menu, White Sign, Red Door","Gray Door, Window, Menu","Aqua Door, Small Region, Minimal Expansion","Brown Door, Menu, Small Window",78,59,80,56,86,58,82,57,73,39,67,56,82,36,70,63,79,33,69,56,34.629,6.046,5.572,13.856,27.728,2.681,1.815,7.05,26.954,7.622,2.806,7.184,25.224,3.43,5.953,11.534,41.469,3.862,5.359,20.117
Image 15: Branch Cafe,Restaurant,2,3,1,4,"Clear Illustration, Many Colors, Bright","White Black, Fitting, Balanced","Simple, Contrast, Enhanced","Green Brown, Modern, Too Much Brown",1,4,2,3,"Store Sign, Artwork, Integrated Focus","Black Sign, Central Spread, Outward Expansion","Store Sign, Upper Artwork, Two Regions","Store Sign, Central Focus, Minimal Surrounding",78,50,77,64,63,51,96,40,72,37,80,31,78,36,82,23,66,37,69,27,41.048,6.739,6.514,17.546,28.445,3.922,2.339,10.553,23.65,5.022,2.475,11.158,34.031,5.791,5.582,16.128,43.76,5.139,6.202,20.439
Image 16: Pho,Restaurant,4,2,3,1,"Maroon, Unfitting, Cheap","White Gray, Polished, Contrasting","Bright, Cluttered, Many Colors","Green Brown, Polished, Inviting",3,1,4,2,"Yellow Sign, White Door, Three Regions","Store Sign, Upper Window, Expanded Focus","Store Sign, Upper Window, Focused Sign","Store Sign, Upper Window, Dual Focus",47,37,70,28,52,38,77,43,44,28,73,25,43,28,73,16,43,27,65,20,47.327,8.53,9.305,20.671,41.274,5.803,3.268,19.465,45.736,7.979,4.237,21.724,44.551,8.475,5.342,24.572,55.84,4.295,7.35,26.022
Image 17: Pizza,Restaurant,2,4,3,1,"Many Colors, Cluttered, Too Much","Modern, Black Frames, Bold","Bright Colors, Extreme, Enhanced","Brown Tan, Modern, Shadow Interrupted",1,3,2,4,"Central Window, Store Sign, Parking Sign","Upper Door, Window Ad, Upward Extension","Window Ad, Large Area, Store Sign","Window Ad, Central Focus, Sole Region",54,49,84,58,48,44,71,44,63,35,82,41,46,33,71,38,79,29,75,59,50.079,6.69,6.166,20.863,31.948,3.666,3.301,13.439,44.266,7.239,4.128,21.28,26.826,2.452,4.606,16.609,68.14,9.927,14.64,29.877
Image 18: Bread Bakery,Restaurant,4,2,3,1,"Bright Red, Extreme, Attention","Simplistic, Natural, Modern","Bright Colors, Cluttered, Many Colors","White Brown, Modest, Attractive",3,4,2,1,"Door Upper, Open Sign, Store Sign","Door Upper, Right Window, Store Sign","Door Upper, Extended Area, Broader Focus","Door Upper, Central Focus, Minimal Else",39,40,83,45,80,51,87,62,78,35,67,41,60,33,91,41,66,34,77,40,39.862,4.709,5.256,17.979,29.849,4.341,2.741,14.11,36.981,4.226,5.204,21.313,35.81,5.903,6.216,19,49.186,9.049,7.905,20.82
Image 19: European Cuisine,Restaurant,2,1,4,3,"Bright Red, Bold, Suitable","Black White, Modern, Polished","Many Colors, Animated, Extreme","Green, Blurry, Unpolished",2,4,1,3,"Store Sign, Door Upper, Front Table","Red Sign, Door, Parking Sign","Blue Sign, Door, Two Regions","Door, Store Sign, Four Regions",70,47,77,47,80,45,82,60,73,33,74,50,82,33,65,40,79,33,87,48,28.441,5.648,4.048,12.251,25.829,3.323,2.491,10.342,23.73,2.767,2.856,10.177,26.24,3.794,4.225,13.78,43.808,5.092,8.938,14.84
Image 20: Shabu Hotpot,Restaurant,2,1,3,4,"Gray Walls, Bold, Modern","White Dark, Bold, Polished","Many Colors, Unnatural, Welcoming","Dark Green, Unappealing, Dark",2,4,3,1,"Left Sign, Banner, Artwork","Left Sign, Below Sign, Minimal Else","Left Sign, Below Sign, Small Region","Left Sign, Banner, Artwork Design",64,39,76,57,75,32,85,51,70,37,77,47,80,33,100,41,67,33,90,54,33.263,6.133,5.654,13.632,29.677,4.208,2.782,13.237,22.805,3.17,3.378,9.377,32.067,4.652,6.118,17.277,32.543,7.882,7.356,10.106
Image 21: Bar,Restaurant,1,4,3,2,"Soft, Natural, Simplistic","Rough, Gravely, Unwelcoming","Many Colors, Dull, Hazy, Unappealing","Modern, Contrasting, Neat",2,4,1,3,"Golden Sign, Blue Door, Dual Focus","Black Sign, Black Door, Considerable Attention","Store Sign, Small Door, Minor Features","Store Sign, White Door, Small Features",76,54,70,64,79,43,82,44,78,55,73,52,78,37,78,50,76,39,76,54,31.617,5.839,5.363,13.27,,,,,24.285,3.602,3.529,9.988,24.657,4.394,3.098,7.605,38.136,3.658,6.233,12.792
Image 22: Cafe,Restaurant,2,4,1,3,"Bright, Warm, Welcoming","Natural, Neat, Contrasting","Complex Colors, Cheap, Animated","Bright, Modern, Contrasting",1,2,4,3,"Brown Pillar, Store Sign, Outward Focus","Right Sign, Central Window, Less Right","Pillar, Store Sign, Less Surroundings","Brown Pillar, Left Right Windows, Less Sign",75,36,61,54,71,33,81,51,76,45,79,36,88,30,74,33,75,28,77,35,36.108,5.534,6.367,17.829,32.591,3.24,2.511,15.26,19.521,3.965,2.032,7.403,27.023,4.324,5.007,15.03,39.996,3.202,7.226,16.795
Image 23: Stew Restaurant,Restaurant,2,4,1,3,"Complex, Colorful, Busy","Simple, Polished, Contrasting","Dull, Purple, Unappealing","Modern, Luxurious, Polished",4,2,1,3,"Roof Right, White Sign, Minor Attention","Lower Sign, Roof, Minimal Door","Roof Right, Black Sign, Less Others","Lower Sign, Roof Right, Little Else",87,23,72,42,76,31,69,47,86,31,76,45,84,28,53,53,84,27,75,43,33.192,6.222,4.294,11.291,22.297,2.219,2.125,8.506,21.365,1.786,2.99,7.3,19.066,3.148,2.666,9.41,21.97,0.488,3.975,9.553
Image 24: Mexican Food,Restaurant,4,1,2,3,"Contrasting, Warm, Balanced","Plain, Polished, Subtle","Bright, Blotchy, Interrupting","Clean, Modern, Contrasting",1,2,4,3,"Central Window, Door Right, Three Regions","Central Window, Three Regions, Less Surroundings","Store Door, Wall Artwork, Two Regions","Central Window, Dual Regions, Clear Boundaries",68,35,69,49,82,30,79,28,74,43,71,41,90,30,80,38,82,29,70,39,28.348,5.345,5.417,10.17,29.084,4.405,3.738,13.493,16.276,1.598,1.967,9.59,18.975,3.734,3.047,10.091,38.996,4.595,10.543,14.884
Image 25: Chinese Cuisine,Restaurant,4,2,1,3,"Bright, Cluttered, Complex","Contrasting, Painted, Simple","Complex, Overwhelming, Diverse","Modern, Clean, Contrasting",4,2,1,3,"Upper Door, Circular Focus, Broader Region","Upper Door, Slightly Smaller, Less Else","Upper Door, Primary Focus, Minimal Else","Upper Door, Largest Focus, Minimal Else",76,54,70,64,85,39,70,39,91,52,83,34,86,37,81,36,83,32,74,36,40.517,6.938,6.554,12.639,22.526,3.995,1.569,8.462,20.703,4.778,2.64,8.133,36.02,11.655,4.698,10.981,64.615,8.488,7.798,28.057
Image 26: Cafe,Restaurant,2,4,1,3,"Bright, Peculiar, Extreme","Contrasting, Fitting, Natural","Complex, Pillars, Colorful","Modern, Contrasting, Bright",4,3,2,1,"Small Window, Roof Gap, Sole Focus","Small Window, Store Sign, Broader Focus","Small Window, Store Sign, Minimal Else","Store Sign, Small Window, Expanded Focus",88,32,70,37,85,29,68,33,73,33,60,37,69,28,58,44,56,25,52,36,38.511,4.403,7.252,13.171,35.177,5.169,2.324,13.057,34.962,5.791,3.15,14.294,39.119,7.741,5.025,15.521,39.082,3.096,5.743,10.986
Image 27: Grill and Bar,Restaurant,2,4,1,3,"Bright, Vivid, Overwhelming","Contrasting, Enhanced, Simple","Complex, Unnatural, Pink","Modern, Welcoming, Wooden",2,3,4,1,"Door Upper, Artwork, Dual Regions","Door Upper, Pillar Number, Lower Sign","Door Upper, Artwork, Two Small Regions","Door Upper, Pillar, Lower Sign, Three Regions",63,49,69,68,78,42,69,55,77,38,67,52,76,35,61,45,81,35,70,43,37.112,5.765,8.508,15.73,22.241,3.167,2.425,7.812,23.676,3.676,3.57,8.879,18.152,2.641,2.438,7.548,36.863,2.076,3.837,13.229
Image 28: Halal Food,Restaurant,1,2,3,4,"Warm, Welcoming, Contrasting","Polished, Simple, Clean","Dull, Contrasting, Colorful","Brown, Blending, Unreadable",3,2,4,1,"Lower Sign, Door, Window","Lower Sign, Downward Focus, Less Else","Store Sign, Downward Expansion, Less Lower","Store Sign, Sole Focus, Minimal Else",53,46,72,34,78,31,78,27,63,31,46,27,61,30,56,37,78,28,53,38,39.55,7.185,6.075,14.076,37.581,6.657,1.986,14.028,41.411,4.738,4.156,15.394,31.435,7.32,4.696,12.999,55.241,3.667,5.636,23.555
Image 29: Bar,Restaurant,2,4,1,3,"Bright, Cheap, Complex","Contrasting, Clean, Golden","Run-Down, Unfitting, Bright","Dark, Contrasting, Unwelcoming",1,2,3,4,"Purple Sign, Upper Door, Broad Focus","Brown Sign, Upper Door, Dual Focus","One Region, Large Extension, Minimal Else","Four Regions, Low Attention, One Dominant",65,49,50,33,39,31,59,19,42,30,67,13,46,27,57,16,44,28,53,25,58.717,7.824,7.89,22.233,46.055,8.684,5.101,11.412,45.674,7.584,4.159,12.847,42.654,5.04,5.102,24.467,57.511,5.174,7.991,22.604
Image 30: Sushi,Restaurant,2,4,3,1,"Complex, Colorful, Cluttered","Modern, Contrasting, Dark","Complex, Cluttered, Disorganized","Modern, Balanced, Wooden",3,2,1,4,"Lower Sign, Upper Signs, Less Upper","Upper Signs, Lower Sign, Broad Expansion","Upper Signs, Lower Sign, Little Bottom","Lower Sign, Slight Upward, One Focus",54,55,67,43,57,31,73,26,41,32,80,31,37,27,74,34,56,29,68,21,59.065,9.779,9.839,22.549,48.764,10.341,4.255,13.975,48.585,10.292,5.829,19.574,40.724,6.467,3.8,20.219,64.439,9.457,9.506,26.703
Image 31: Ramen,Restaurant,2,4,3,1,"Bright, Bold, Contrasting","Modern, Natural, Neat","Bright, Vivid, Reflections","Polished, Contrasting, Teal",2,1,4,3,"Lower Window, Upper Sign, Three Regions","Lower Window, Upper Sign, Less Upper","Lower Window, Single Focus, Minimal Sign","Lower Window, Upper Sign, Expanded Bottom",52,51,67,44,75,42,57,29,76,41,70,31,86,38,67,30,76,34,60,41,37.914,4.426,7.718,15.844,24.793,2.663,3.043,12.005,23.067,3.668,3.769,7.921,24.557,5.666,4.185,10.862,54.146,5.787,6.116,21.476
Image 32: Taco Salad,Restaurant,2,1,3,4,"Contrasting, Dark, Red","Luxurious, Contrasting, Palatial","Polished, Similar, Contrasting","Old-Fashioned, Brown, Excessive",1,3,4,2,"Central Pillar, Elliptical Region, Sole Focus","Central Pillar, Circular Focus, Minimal Else","Central Pillar, Two Regions, Larger Right","Central Pillar, Two Regions, Left Smaller",74,36,75,44,76,32,78,29,86,32,62,34,78,30,61,55,77,31,58,48,32.912,5.394,5.169,14.518,20.383,1.998,1.93,6.811,21.365,2.851,3.461,10.541,21.312,2.71,2.532,9.054,37.003,3.246,3.244,17.045
Image 33: Bar,Restaurant,4,2,1,3,"Plain, Dark, Hard-To-Read","Polished, Simple, Contrasting","Dull, Dark, Unlit","Modern, Welcoming, Wooden",3,1,2,4,"Store Sign, Minimal Else, Consistent Focus","Store Sign, Largest Region, Less Else","Store Sign, Extended Downward, Broad Focus","Store Sign, Smallest Focus, Minimal Else",80,36,57,27,71,28,56,33,74,27,60,17,42,26,42,13,75,25,45,23,44.667,6.453,7.409,17.043,28.331,3.754,1.68,14.643,40.752,6.294,3.137,13.406,26.429,6.395,3.823,13.988,38.11,3.743,6.231,15.832
Image 34: Pizza,Restaurant,2,4,1,3,"Warm, Bright, Extreme","Modern, Striking, Contrasting","Unnatural, Bright, Complex","Modern, Hazy, Color-Scheme",4,1,2,3,"Open Sign, Store Sign, Three Regions","Open Sign, Left Sign, Plant, Four Regions","Store Sign, Open Sign, Two Regions","Open Sign, Left Sign, Plant, Four Regions",58,40,87,70,66,34,72,41,62,36,72,29,67,30,77,36,60,30,73,36,44.075,9.929,9.801,17.834,35.01,6.334,3.285,16.881,28.49,4.617,3.043,13.417,35.481,7.183,6.423,21.433,40.047,2.496,4.662,18.235
Image 35: Korean BBQ,Restaurant,2,4,3,1,"Extreme, Bright, Unnatural","Contrasting, Bold, Warm","Simple, Dark Signage","Modern, Contrasting, Green",4,3,1,2,"Central Window, Transparent Door, Store Sign","Store Sign, Upper Window, Dual Focus","Upper Window, Two Regions, Extended Focus","Upper Window, Store Sign, Less Sign",83,39,69,45,69,33,71,33,70,34,60,42,59,32,79,26,59,30,75,33,34.743,3.018,7.363,19.036,29.252,6.848,1.691,10.556,33.129,4.597,3.468,13.808,34.717,4.74,6.153,16.915,31.108,1,1.482,16.348
Image 36: Japanese Cuisine,Restaurant,1,4,2,3,"Bright, Welcoming, Contrasting","Cold, Dark, Unwelcoming","Unnatural, Contrasting, Vivid","Cabin-Like, Wooden, Suitable",3,2,4,1,"Central Window, Store Sign, Minimal Else","Central Window, Store Sign, Right Window","Central Window, Store Sign, Extended Right","Central Window, Store Sign, Dual Focus",70,53,76,49,75,32,76,39,73,34,68,41,57,33,84,35,77,27,70,32,39.08,4.344,6.909,14.571,27.366,4.349,2.128,14.25,30.399,4.643,2.558,13.455,25.461,3.791,3.672,15.451,43.198,5.768,7.78,15.152
Image 37: Vietnamese Restaurant,Restaurant,2,1,4,3,"Bright, Vivid, Enhanced","Modern, Polished, Natural","Cartoon-Like, Bright, Complex","Brown, Modern, Decent",1,3,4,2,"Left Right Sign, Lower Red Sign, Multi Focus","Lower Black Sign, Small Region, Minimal Else","Store Sign, Lower Sign, Expanded Focus","Left Right Sign, Lower Red Sign, Less Intense",47,52,79,50,53,41,62,30,65,39,65,32,49,35,85,33,56,32,85,38,52.299,7.798,7.948,21.438,39.742,6.777,4.702,15.916,46.72,5.901,5.851,22.083,33.679,5.815,8.145,14.636,55.706,5.825,5.626,24.22
Image 38: Sweet Store,Restaurant,1,4,3,2,"Bright red sign, polished finish, contrast","Unwelcoming, dark color scheme, illegible sign","Cheap look, complex color scheme, busy","Modern finish, light brown wood, contrast",3,1,4,2,"Store Sign, Left Window, Central Window","Left Window, Central Window, Two Regions","Store Sign, Left Window, Central Window","Central Window, Left Window, Less Sign",71,36,56,56,74,34,86,41,70,36,71,41,71,34,73,37,78,31,72,38,35.678,5.777,7.088,16.134,29.028,3.544,3.649,13.108,28.958,5.368,3.054,12.985,24.603,5.318,5.434,8.532,32.51,3.007,2.121,11.888
Image 39: Donut Store,Restaurant,2,4,3,1,"Bright red sign, too much contrast, cheap","Neat finish, natural appeal, white-black contrast","Dull, plain design, purple-red mismatch","Neat, brown frames, warm scheme",1,4,3,2,"Central Window, Store Sign, Expanded Focus","Store Sign, Expanded Downward, Minimal Sides","Central Door, Store Sign, Larger Focus","Central Door, Store Sign, Less Focus Else",73,27,67,48,45,26,54,42,59,25,54,32,53,24,67,28,56,23,57,32,53.04,7.011,8.46,24.187,34.583,4.705,2.695,16.328,37.005,7.052,4.781,13.614,38.472,5.597,8.067,21.713,33.95,3.867,4.37,13.69
Image 40: Curry,Restaurant,2,1,3,4,"Red sign, gray walls, modern scheme","Black sign, gray backdrop, pots highlight","Too many colors, plain design, complicated","Overwhelming brown, blurry sign, dull",1,3,4,2,"Central Window, Store Sign, Primary Focus","Upper Window, Store Sign, Less Surrounding","Upper Window, Store Sign, Equal Attention","Upper Window, Store Sign, Smaller Regions",48,43,77,51,69,32,61,42,75,33,64,35,68,32,51,34,76,29,52,31,36.084,4.568,5.512,16.812,23.517,5.272,2.318,10.16,32.889,3.685,3.297,11.819,27.92,4.651,6.183,11.047,50.413,8.732,7.13,20.09
Image 41: Japanese BBQ,Restaurant,2,4,1,3,"Bright red-yellow sign, too flashy, polished","Neatest, orange-white contrast, fitting","Dull look, low illumination, unappealing","Modern, brown wood, green sign",3,4,1,2,"Store Sign, Minimal Else, Central Focus","Store Sign, Door Center, Less Surrounding","Store Sign, Door Center, Door Dominant","Store Sign, Lower Sign, Dual Focus",53,30,63,39,70,27,57,23,78,25,49,27,45,25,59,29,48,26,59,35,41.103,6.172,7.209,18.241,24.417,5.607,1.81,6.848,39.387,7.069,4.375,16.915,42.213,8.794,5.815,21.6,38.965,2.61,3.76,19.088
Image 42: Vegan Cuisine,Restaurant,2,4,1,3,"Bright yellow-red, extreme, neat finish","Black simple design, modern, contrast roof","Darkest, many shadows, low illumination","Modern, warm wood, green-black contrast",1,4,2,3,"Store Sign, Large Region, Single Focus","Store Sign, Door Center, Broader Sign","Below Sign, Left Window, Expanded Region","Store Sign, Irregular Shape, Full Sign Focus",57,27,90,48,42,26,52,18,44,25,42,21,34,24,48,16,53,24,57,42,54.404,7.572,9.422,25.842,46.993,8.243,2.798,18.557,53.934,8.154,5.694,25,37.439,9.288,3.879,14.312,37.434,3.733,6.364,12.463
Image 43: Combo Lunch,Restaurant,3,2,4,1,"Bright red sign, too bright, shadows","Most modern, gray scheme, luxurious feel","Orange sign, light tan, naturally fitting","Overwhelming brown, old-fashioned feel",4,1,3,2,"Store Sign, Roof, Less Window","Window Right, Store Sign, Equal Focus","Window Right, Store Sign, Roof, Less Left","Store Sign, Roof, Less Window",57,35,63,34,62,36,60,41,75,35,55,23,73,30,82,14,63,29,70,30,42.74,3.266,7.263,17.795,25.51,2.81,1.612,10.293,27.348,4.53,2.254,13.628,32.891,4.912,5.336,14.252,31.488,2.004,3.413,15.31
Image 44: Shabu,Restaurant,4,2,3,1,"Orange store, unnaturally bright, animated","Dark frames, white wall contrast, modern","Purple windows, out of place, plain finish","Simplest, fitting scheme, modern look",2,3,1,4,"Open Sign, Store Sign, Two Regions","Open Sign, Store Sign, Equal Focus","Open Sign, Store Sign, Less Focus","Open Sign, Less Store Sign, Single Focus",60,30,56,23,51,25,52,28,41,25,67,16,45,25,60,18,58,23,47,23,50.044,6.112,8.532,21.456,56.916,8.401,5.403,16.071,56.737,5.748,4.562,26.698,52.831,6.542,5.094,21.353,43.434,5.622,6.87,11.987
Image 45: Indian Restaurant,Restaurant,1,3,4,2,"Neatest, red sign, legible contrast","Illegible sign, brown bricks, good scheme","Neat, soft purple walls, natural finish","Blurred sign, modern finish, visual appeal",3,1,2,4,"Central Window, Store Sign, Three Regions","Left Store Sign, Central Window, Roof","Store Sign, Central Window, Bottom Left Window","Bottom Store Sign, Small Region, Least Focus",60,29,75,52,32,25,60,45,44,24,63,35,35,24,61,37,79,25,55,37,55.871,9.757,8.952,26.923,41.775,5.902,3.141,21.156,46.645,7.361,3.196,22.75,29.162,4.339,2.88,14.898,45.679,3.469,5.877,19.493
Image 46: Noodle Restaurant,Restaurant,1,4,3,2,"Warmest, red accents, neat and polished","Dark gray sign, unwelcoming, poor contrast","Too bright, rainbow colors, distracting","Green plant design, white-brown contrast",3,4,1,2,"Upper Window, Store Sign, Less Else","Upper Window, Store Sign, Minimal Else","Left Store Sign, Central Window, Dual Focus","Upper Window, Store Sign, Less Else",62,34,85,68,87,29,57,61,89,28,61,57,69,28,72,56,83,29,71,43,25.38,2.892,4.215,12.906,21.276,2.335,1.366,10.831,31.155,7.226,3.217,11.702,26.963,3.577,3.394,15.937,37.38,4.716,7.585,15.641
Image 47: Drive Thru Cafe,Restaurant,1,4,2,3,"Red-gray contrast, neat, welcoming","Black sign, poor contrast, good white highlights","Too colorful, cluttered, shadows","Most modern, brown-white, well-defined",4,3,2,1,"Store Sign, Door, Plant","Store Sign, Door, Smaller Focus","Store Sign, Below Sign, Equal Attention","Store Sign, Door, Largest Region",77,49,78,57,79,32,58,43,74,30,64,42,69,28,63,30,68,28,67,37,35.19,4.686,4.09,12.003,26.621,5.135,2.127,8.143,32.971,3.618,3.434,17.1,33.433,6.004,4.772,10.947,55.854,11.274,10.455,19.6
Image 48: Alabama Cafe,Restaurant,2,4,1,3,"Too vivid, overdone scheme, sharp design","Simplest, black-light contrast, modern","Dull, unappealing, poor lighting","Modern, wooden brown, effective scheme",1,4,3,2,"Store Sign Left, Horizontal Focus, Minimal Else","Store Sign Left, Minimal Else, Horizontal Spread","Glass Window, Minimal Else, Single Focus","Glass Window, Store Sign, Upward Extension",69,39,72,33,80,36,76,57,85,35,64,55,83,30,66,34,76,30,61,39,27.392,4.813,4.73,6.359,17.428,2.7,1.232,5.358,21.667,2.672,1.76,7.345,21.423,3.002,3.606,7.841,32.937,3.809,4.445,11.667
Image 49: Bagel Store,Restaurant,2,3,1,4,"Less appealing, matching scheme","Black sign, brown contrast, white frame","Blue sign, striking, simple-modern","Complex design, too many colors, cluttered",3,4,2,1,"Upper Door, Right Window, Less Store Sign","Upper Door, Right Window, Less Store Sign","Store Sign, Upper Door, Left Window, Five Regions","Upper Door, Store Sign, Four Regions",47,39,81,40,69,32,68,41,62,30,60,28,50,30,54,20,50,29,48,35,32.295,2.708,2.993,17.488,33.236,5.177,2.748,16.454,37.876,4.915,3.21,19.346,40.73,4.792,6.684,21.51,41.621,2.268,4.087,19.701
Image 50: Donut Store,Restaurant,2,1,3,4,"Most welcoming, light blue sign, subtle","Black sign, gray backdrop, modern finish","Complex scheme, upper-lower contrast","Old-fashioned, dark brown, poor contrast",1,4,2,3,"Store Sign, Two Windows, Large Focus","Upper Door, Minimal Else, Main Focus","Store Sign, Two Windows, Store Dominant","Store Sign, Upper Window, Store Less",71,35,74,41,66,27,62,34,69,29,57,22,79,27,64,29,66,27,60,35,34.826,3.556,4.31,15.013,26.609,4.11,2.122,11.171,21.378,3.238,3.163,12.813,26.921,3.887,5.12,16.962,30.843,1.954,4.564,14.891
Image 51: Brunch Restaurant,Restaurant,4,3,2,1,"Old-fashioned, dark scheme, unwelcoming","Complex, red unfitting, too much","Bright rainbow, contrast, welcoming","Green sign, gray contrast, best fitting",2,3,4,1,"Store Sign, Central Focus, Minimal Else","Store Sign, Central Focus, Less Surrounding","Store Sign, Center Focus, Less Surrounding","Store Sign, Center Focus, Minimal Else",85,58,74,52,90,33,45,58,91,33,61,47,92,32,67,35,91,37,61,51,21.312,2.634,3.432,10.108,17.754,3.578,2.655,9.574,14.269,2.113,1.633,8.073,16.483,1.759,3.315,10.853,40.214,4.842,5.913,12.384
Image 52: Indian Restaurant,Restaurant,4,3,2,1,"White features, good contrast, shadows","Brown frames, cluttered reflections, modern","Bright patterns, welcoming, striking","Dark wood, luxurious feel, green plant",1,3,2,4,"Central Window, Right Window, Large Focus","Store Sign, Right Window, Less Else","Window Artwork, Right Sign, Equal Focus","Central Window, Artwork, Minimal Else",45,56,67,50,65,39,69,38,80,42,60,50,78,35,71,41,80,43,67,28,36.989,6.222,3.419,14.786,25.956,2.467,2.474,16.451,27.639,2.291,5.125,16.73,27.421,3.308,3.76,13.416,49.656,7.087,5.394,18.993
Image 53: Pizza Store,Restaurant,3,1,4,2,"Cabin look, brown wood, warm and welcoming","Unfitting, too bright, extreme","Simple design, natural scheme, good contrast","Outdated look, green accents, misplaced",1,2,4,3,"Upper Window, Store Sign, Broad Focus","Upper Window, Store Sign, Expanded Focus","Upper Window, Less Sign, Minimal Else","Central Window, Store Sign, Minimal Else",54,42,65,26,75,35,66,31,77,34,60,39,77,31,76,35,81,31,72,30,37.564,4.619,6.065,23.143,26.429,4.983,4.021,13.561,29.991,3.791,4.487,19.316,26.064,3.542,3.431,17.278,36.442,5.84,5.013,15.129
Image 54: American Food,Restaurant,2,3,4,1,"Bright red, too many colors, complex","Neat, modern, color-enhanced","Colorful sign, contrast, sharp features","Modern, colorful, too much going on",2,4,1,3,"Store Sign, Central Focus, Minimal Else","Store Sign, Lower Window, Broad Focus","Store Sign, Smaller Focus, Minimal Else","Store Sign, Lower Window, Similar Focus",58,35,72,54,49,28,64,29,43,27,54,22,62,27,63,36,48,25,71,27,44.257,3.31,6.621,21.971,44.699,5.926,2.536,16.726,38.039,4.528,3.461,19.453,43.954,5.881,6.478,18.954,43.781,2.628,4.235,28.721
Image 55: Indian Food,Restaurant,2,4,1,3,"Too bright, complex, neat finish","Simple white sign, dark backdrop, natural colors","Dull, unappealing, poorly illuminated","Modern, polished, brown-green contrast",4,1,2,3,"Store Sign, Largest Focus, Minimal Else","Store Sign, Two Segments, Lower Half","Upper Window, Less Sign, Window Dominant","Store Sign, Upper Segments, Lower Half",83,35,79,39,78,32,64,37,76,34,64,22,73,28,65,23,70,30,71,31,29.821,5.047,3.099,12.118,23.62,3.993,2.261,8.453,26.672,3.847,2.604,9.17,26.66,4.853,3.489,13.89,34.236,2.611,3.154,16.581
Image 56: Indian Vegan Food,Restaurant,4,2,1,3,"Too many colors, red sign, extreme","Modern, natural, black-white roof","Bright, animated, rainbow-like","Modern, appealing, green-light contrast",2,4,1,3,"Store Sign, Single Focus, Minimal Else","Store Sign, Lower Door, Equal Focus","Store Sign, Lower Window, Less Else","Store Sign, Lower Door, Dual Focus",64,35,73,26,79,30,60,25,60,25,78,18,75,25,47,22,68,26,65,25,26.255,3.371,2.943,11.322,27.393,4.018,2.282,9.567,24.307,4.303,1.984,10.298,30.721,3.701,3.575,12.433,36.712,2.762,4.202,15.046
Image 57: Mexican Food,Restaurant,2,3,4,1,"Too bright, extreme, unnecessary contrast","Soft, natural, modern","Yellow-orange contrast, warm, welcoming","Light brown, green contrast, plain storefront",1,3,2,4,"Store Sign, Two Segments, Minimal Else","Store Sign, Two Segments, Minimal Else","Store Sign, Bottom Window, Less Focus","Store Sign, Central Focus, Window Extension",71,45,68,32,76,37,72,47,82,34,65,33,76,31,75,27,78,31,79,42,24.597,3.723,2.738,12.211,19.031,3.025,1.61,6.906,24.896,2.764,3.265,12.376,23.628,3.219,2.801,11.201,31.858,3.063,3.953,13.978
Image 58: Pizza Store,Restaurant,4,1,3,2,"Red sign, plain backdrop, enhanced","Plain, gray, boring","Bright sign, black backdrop, colorful","Black sign, wooden backdrop, naturally modern",2,1,3,4,"Store Sign, Door, Largest Focus","Store Sign, Extended Sign, Minimal Else","Store Sign, Minimal Else, Central Focus","Store Sign, Central Focus, Minimal Else",51,33,73,47,72,35,82,47,68,33,59,41,79,31,85,32,82,30,69,36,28.981,2.389,3.994,15.788,27.59,3.693,2.842,11.028,24.169,4.533,1.915,13.342,22.323,2.652,4.453,9.514,28.869,5.303,2.667,11.419
Image 59: Mexican Food,Restaurant,2,4,1,3,"Unappealing, light blue sign, orange clash","Natural scheme, brown-gray contrast, enhanced","Complex, purple overload, unfitting","Modern, soothing, green-brown balance",3,2,1,4,"Left Sign, Bottom Window, Expanded Focus","Left Sign, Bottom Window, Extended Focus","Left Sign, Bottom Window, Less Focus","Left Sign, Bottom Window, Some Surrounding",59,36,75,51,57,27,54,40,48,26,63,27,56,27,60,33,59,26,64,31,41.283,7.601,5.333,20.122,42.326,5.616,2.511,14.627,36.176,5.446,3.533,17.585,39.149,5.437,6.329,16.564,51.483,3.864,7.167,20.366
Image 60: Rice Noodles,Restaurant,2,1,4,3,"Bold, red-yellow sign, modern","Orange-white sign, black features, modern appeal","Extreme, blue sign, unfitting","Compressed sign, visually appealing",3,4,2,1,"Upper Sign, Lower Sign, Less Else","Upper Sign, Minimal Else, Central Focus","Lower Sign, Upper Sign, Downward Extension","Upper Sign, Lower Sign, Dual Focus",81,37,82,43,80,29,67,28,72,29,75,40,40,27,56,36,47,29,45,40,28.061,4.077,4.333,12.926,32.044,6.221,3.688,13.941,43.614,6.116,5.235,23.733,40.8,5.474,5.78,19.526,44.957,4.765,4.844,18.854
Image 61: Mexican American Food,Restaurant,2,1,3,4,"Warm, inviting, red frame","Modern, gray-white, bold","Bright purple-orange-aqua, too extreme","Overwhelming brown, old-fashioned, cabin-like",3,1,2,4,"Three Regions, Small Circles, Minimal Else","Store Sign, Wall Corner, Dual Focus","Store Sign, Wall Corner, Strong Focus","Wall Corner, One Region, Minimal Else",63,36,70,51,67,38,74,56,80,36,63,46,69,35,68,42,79,31,62,48,37.6,5.166,6.562,18.467,28.933,5.217,2.379,10.296,36.258,4.164,3.85,17.401,26.756,6.285,7.537,10.214,23.532,0.887,2.088,9.484
Image 62: Mexican Food,Restaurant,4,2,3,1,"Too bright, complex design","Modern, simple, gray contrast","Cropped, otherwise appealing","Modern, fitting, brown roof contrast",4,2,3,1,"Roof Center, Window, Left Wheel","Roof Center, Window, Left Wheel","Yellow Sign, Roof, Minimal Else","Roof Center, Window, Left Wheel",70,37,68,56,70,32,55,42,69,32,58,46,81,31,71,48,70,32,65,37,34.904,4.542,4.19,17.239,32.273,7.689,1.75,15.374,21.134,2.327,1.796,12.435,30.403,4.585,5.506,17.138,35.66,3.113,4.728,17.421
Image 63: Tea Cafe,Restaurant,2,4,1,3,"Unnaturally bright, complex, cluttered","Simple, modern, white-gray contrast","Dull, hazy, ineffective blue details","Modern, luxurious, welcoming brown walls",4,1,2,3,"Store Sign, Window Wall, Sign Dominant","Store Sign, Window Wall, Wall Dominant","Store Sign, Window Wall, Wall Dominant","Store Sign, Window Wall, Wall Dominant",78,55,80,43,79,42,65,52,76,39,62,45,72,32,52,38,79,35,57,46,32.053,4.949,4.548,16.809,26.704,3.856,1.725,9.614,26.932,4.167,3.532,9.674,25.824,4.196,4.264,14.699,33.623,2.702,2.371,14.722
Image 64: Japanese Cuisine,Restaurant,2,4,3,1,"Obstructed, shadows, unclear features","White-black contrast, vivid reflections","Orange sign, neon blue, unnatural contrast","Brown-white, modern, attractive",1,2,3,4,"Central Window, Store Sign, Lower Door","Store Sign, Central Window, Lower Door","Store Sign, Central Window, Lower Door","Store Sign, Central Window, Dual Focus",62,43,80,38,75,38,61,41,77,34,58,32,79,31,66,29,84,32,55,38,26.973,3.416,3.866,14.569,26.285,3.42,2.169,12.729,21.971,2.63,2.333,12.886,23.251,3.463,3.026,12.295,34.15,1.881,3.025,18.511
Image 65: Shabu,Restaurant,4,2,1,3,"Bright red sign, shadowed, high contrast","Black frame, reflective windows, bold","Complex colors, cluttered, messy","Light brown, modern, simple",3,4,1,2,"Store Sign, Largest Region, Minimal Else","Store Sign, Central Focus, Minimal Else","Store Sign, Largest Focus, Minimal Else","Store Sign, Dual Segments, Minimal Else",74,47,65,31,81,33,53,29,84,28,60,30,49,32,55,18,60,30,53,35,23.872,2.153,5.032,9.861,21.663,2.914,2.914,10.318,37.203,6.263,2.662,17.814,30.771,3.566,4.861,12.903,41.006,3.39,4.399,19.094
Image 66: Korean Kitchen,Restaurant,4,1,2,3,"Luxurious, gold sign, bold black frames","Dark brown frames, complex, colorful artwork","Overly bright, white frames, messy illustrations","Green contrast, transparent, visually welcoming",2,3,4,1,"Store Sign, Small Focus, Minimal Else","Store Sign, Central Focus, Minimal Else","Store Sign, Small Focus, Minimal Else","Store Sign, Small Focus, Minimal Else",82,43,68,24,94,33,57,32,92,33,71,30,88,34,71,43,92,36,52,29,19.432,3.39,3.78,7.566,11.027,1.34,2.115,6.985,17.108,2.797,2.576,6.739,15.31,2.771,1.911,5.439,30.094,4.07,2.887,10.465
Image 67: Liquor Bar,Restaurant,2,4,3,1,"Bright red sign, too much contrast, bold","Natural scheme, gray-light contrast, striking art","Intricate, complex, unnatural","Black frame, green contrast, bold",1,2,4,3,"Door, Window Sign, Store Sign","Store Sign, Door, Minimal Else","Door, Store Sign, Minimal Else","Door, Store Sign, Minimal Else",59,55,77,22,82,41,68,42,76,43,61,31,88,37,62,23,88,37,60,39,24.955,3.278,6.177,13.248,28.356,4.711,4.557,10.88,15.081,2.255,1.921,7.55,14.592,1.609,1.556,6.629,38.779,3.154,3.817,21.111
Image 68: Food Court,Restaurant,2,4,1,3,"Bright red sign, many colors, complex","Simple, elegant, black-light contrast","Dull, unappealing, rainbow colors","Black-green contrast, warm, welcoming",4,3,2,1,"Door, Store Sign, Minimal Else","Door, Cursive Sign, Minimal Else","Adjacent Sign, Store Sign, Minimal Else","Door, Store Sign, Some Surrounding",89,36,87,57,82,40,71,56,74,37,76,48,67,35,73,46,67,36,78,40,28.29,5.958,6.173,12.442,28.553,5.33,1.473,8.513,35.295,3.934,4.659,17.895,26.553,4.139,2.282,11.591,23.838,2.338,4.408,8.341
Image 69: Pizza,Restaurant,2,1,3,4,"Vivid red sign, bold, good scheme","Simple, natural, gray-brown modern","Bright sign, light, distinctive colors","Unappealing, dark signage, clutter",3,1,2,4,"Central Window, Store Sign, Two Segments","Central Window, Minimal Else, Strong Focus","Central Window, Upper Sign, Strong Focus","Central Window, Minimal Else, Small Focus",64,39,74,47,64,35,57,44,77,33,57,41,71,31,53,36,79,30,55,38,34.168,5.955,5.959,15.217,27.331,6.653,2.68,7.155,23.721,3.139,2.691,11.135,23.845,3.672,3.624,14.977,25.865,1.566,2.069,11.718
Image 70: Bar and Restaurant,Restaurant,2,4,3,1,"Dark, Unnatural, Illegible","Modern, Appealing, Polished","Unnaturally Bright, Colorful, Overloaded","Modern, Contrasting, Natural",1,3,4,2,"Store Sign, Wall Below, Left Door","Store Sign, Wall Below, Minimal Else","Store Sign, Wall Below, Some Left Window","Store Sign, Wall Below, Two Regions",76,36,75,48,67,31,59,45,83,33,57,33,70,30,45,46,89,29,68,43,35.146,4.767,6.359,16.392,20.528,3.382,1.215,8.587,28.843,2.387,2.713,13.633,14.34,2.136,2.004,9.077,32.762,4.395,3.675,11.745
Image 71: Korean Restaurant,Restaurant,2,4,1,3,"Bright Red, Cluttered, Unnatural","Modern, Simple, Complementary","Rainbow Colors, Complex, Unnatural","Warm, Welcoming, Modern",2,1,3,4,"Store Center, Store Sign, Dual Focus","Store Center, Broad Area, Store Sign","Store Sign, Center Image, Three Regions","Store Center, Circular Region, Store Sign",69,51,72,40,69,46,73,32,68,38,69,35,74,38,78,31,86,36,62,49,31.558,3.769,5.299,13.938,28.79,4.001,2.248,8.925,32.032,7.743,2.729,8.875,19.288,3.757,3.048,7.702,35.511,3.803,7.924,14.82
Image 1: Wax Center,Salon,2,4,1,3,"Great Contrast, Bold, Red Roof","Nice Combination, Luxurious Feel, Black Window Frames","Dramatic, Animated, Bright Purple","Light Orange, Dark Green, Luxurious Feel",1,4,2,3,"Store Sign, Door, Dual Focus","Store Sign, Door, Sign Dominant","Store Sign, Door, Secondary Focus","Store Sign, Main Focus, Minimal Else",54,58,64,35,70,28,51,22,70,26,52,23,63,28,63,31,70,27,51,26,31.234,6.194,3.954,14.131,31.356,3.489,3.4,15.502,40.881,6.657,3.906,24.041,30.418,3.938,4.016,14.419,70.04,9.861,8.339,26.149
Image 2: Private Dental Care,Salon,2,1,4,3,"Nice Contrast, White Store Sign, Bright Red Backdrop","Light Brown, Luxurious Feel, Black Backdrop","Dull, Run-Down, Ancient Look","Difficult To Read, Light Brown Wood, Polished",3,2,4,1,"Left Word, Right Word, Window","Four Regions, Upper Left, Window","Store Sign, Window, Broad Focus","Left Word, Right Word, Window",49,38,77,39,41,31,55,33,34,28,59,32,29,27,64,36,38,29,62,34,53.592,7.4,6.72,25.543,56.098,11.282,6.249,28.525,52.64,8.39,8.343,18.546,50.634,7.629,5.995,23.097,48.332,3.149,1.497,19.436
Image 3: Chinese Style Haircut,Salon,2,1,4,3,"Bright Red Store Sign, Neat, Window Reflections","Gray Store Sign, Orange Outline, Polished Feel","Rainbow-Like, Vibrant Colors, Eccentric","Light Brown Wood, Luxurious, Shadows",1,3,4,2,"Store Sign, Central Window, Dual Focus","Central Window, Single Focus, Minimal Else","Store Sign, Central Window, Balanced Focus","Store Sign, Central Window, Window Dominant",59,46,58,45,34,28,59,38,61,28,56,15,43,27,71,22,52,27,66,23,60.976,10.272,9.548,26.105,39.862,5.171,4.045,14.396,51.175,6.851,4.05,22.467,44.834,7.248,7.248,18.962,84.822,8.502,10.78,23.746
Image 4: Beauty Studio,Salon,4,3,1,2,"Red Store Walls, Extreme, Out of Place","Dark Black, Gloomy, Unwelcoming","Light Purple, Dream-Like, Soft","Natural, Green Store Sign, Light Brown Wood",1,4,3,2,"Central Area, Store Sign, Minimal Else","Left Window, Store Sign, Dual Focus","Central Area, Single Focus, Minimal Else","Store Sign, Central Area, Sign Dominant",76,69,64,41,72,42,73,30,77,41,58,37,75,36,60,38,70,36,64,39,34.39,6.116,5.522,17.068,27.078,2.839,2.661,16.593,28.976,4.583,2.983,11.359,31.717,5.742,4.826,11.197,38.057,2.518,2.616,21.795
Image 5: Beauty Salon,Salon,2,4,1,3,"Bright Colors, Extreme, Animated","Light Orange, Bold, Polished","Rainbow-Colored, Unnecessary Colors, Poor Contrast","Light Brown Wood, Aqua Blue, Luxurious",3,4,1,2,"Left Sign, Right Sign, Central Window","Left Sign, Right Sign, Balanced Focus","Left Sign, Right Sign, Window, Four Regions","Left Sign, Right Sign, Central Window",39,43,71,46,37,31,63,27,52,29,57,28,38,27,76,26,40,32,61,33,53.217,7.746,10.194,27.128,43.027,9.605,3.234,15.87,49.742,6.326,6.307,22.645,47.909,4.287,5.04,22.774,51.836,2.452,2.447,23.825
Image 6: Barber Shop,Salon,4,1,3,2,"Bold Sign, Purple Outline, Light Window","Black Store Signs, Dark, Difficult To Read","Bold, Polished, Difficult To Read","White Store Sign, Black Backdrop, Complementary",3,1,4,2,"Right Word, Lower Window, Store Sign","Right Window, Single Focus, Minimal Else","Store Sign, Bottom Window, Five Regions","Central Window, Store Sign, Minimal Else",71,46,75,33,62,37,80,50,74,34,57,38,52,34,60,31,60,37,73,26,34.898,5.624,5.79,17.301,26.595,3.046,3.082,17.125,38.802,6.021,3.18,17.009,36.589,2.989,6.031,16.825,29.774,1.954,2.24,12.167
Image 7: Beauty Spa,Salon,4,2,1,3,"Bright Red, Extreme, Enhancing","Warm, Welcoming, Difficult To Read","Dull, Unwelcoming, Blends In","Light Brown, Polished, Black Window Frames",2,3,4,1,"Store Sign, Upper Window, Dual Focus","Store Sign, Upper Window, Bulletin Board","Store Sign, Upper Window, Lower Window, Four Regions","Store Sign, Upper Window, Window Dominant",62,58,76,42,76,40,66,57,53,38,59,48,59,35,59,31,55,39,73,54,30.111,3.457,4.395,13.549,38.821,5.63,3.574,16.355,35.086,3.611,3.969,18.836,39.012,6.824,4.818,18.701,31.191,1.538,0.991,14.552
Image 8: Foot Massage,Salon,2,4,3,1,"Bright Red, Extreme, Dramatic","White Store Sign, Neat, Polished","Bright Color, Shadows, Enhancing","Dark Wood, Luxurious, Ancient",2,4,3,1,"Left Sign, Below Roof, Lower Window","Left Sign, Below Roof, Artwork","Below Roof, Main Focus, Broad Area","Left Sign, Below Roof, Lower Window",42,32,72,67,64,38,69,61,50,35,71,44,52,34,63,50,48,32,77,48,37.014,6.501,6.715,15.271,40.018,5.68,3.133,13.819,40.404,5.298,4.675,21.143,40.807,2.923,4.597,22.961,24.335,0.594,0.55,12.306
Image 9: Hair Nail Bar,Salon,1,4,2,3,"Bold, Natural, Black And Red","Black Store Sign, Polished, Neat","Bright Colors, Cheap Appearance, Shadows","Light Brown Wood, Too Much Brown, Contrast",2,4,3,1,"Left Window, Right Window, Broad Focus","Store Sign, Left Window, Bottom Right","Left Window, Main Focus, Secondary Features","Left Window, Bottom Right, Minimal Else",46,45,75,25,76,37,62,24,73,33,65,12,81,34,65,25,74,31,51,26,29.637,6.143,4.811,13.807,27.974,3.064,3.201,13.968,23.893,3.83,4.388,11.255,30.922,8.564,3.938,8.65,37.772,1.885,4.079,21.946
Image 10: Beauty Salon,Salon,2,1,4,3,"Bold, Neat, Bright Red","Orange Store Sign, Black Backdrop, Brown Walls","Impossible To Read, Cartoonish, Bright Colors","Gloomy, Green And Brown, Blurred Features",1,2,3,4,"Store Sign, Bottom Windows, Six Regions","Store Sign, Bottom Windows, Largest Attention","Door, Adjacent Region, Dual Focus","Central Window, Large Focus, Minimal Else",56,43,70,47,66,32,76,34,69,33,68,52,76,31,76,31,76,34,66,45,27.956,4.367,4.483,13.732,26.65,2.297,2.234,14.522,24.629,5.203,3.256,8.596,23.339,2.137,2.025,10.968,23.464,1.335,2.481,10.939
Image 11: Massage Store,Salon,2,1,4,3,"Bright Red Store Sign, Suitable, Complementary","Gray Store Sign, Bold, Neat","Bright Colors, Animated, Cartoonish","Light Brown Wood, Warm, Welcoming",2,4,3,1,"Store Sign, Right Window, Upper Center","Store Banner, Single Focus, Minimal Else","Central Window, Store Sign, Secondary Focus","Left Window, Black Door, Roof Bottom",61,35,85,43,71,38,62,39,48,36,67,27,52,31,85,37,52,31,72,39,33.261,2.834,8.395,18.813,47.715,6.414,4.106,21.942,42.116,7.654,6.069,22.059,43.526,9.934,6.888,21.278,52.184,10.543,11.249,16.035
Image 12: Wellness Center,Salon,2,4,1,3,"Bright Colors, Extreme, Enhancing","Bold, Neat, Simplistic","Purple Features, Soft, Dull","Light Brown, Warm, Bold Sign",4,1,3,2,"Central Door, Broad Focus, Surrounding Minimal","Central Door, Single Focus, Minimal Else","Central Door, Main Focus, Secondary Minimal","Central Door, Store Sign, Dual Focus",79,34,56,47,81,41,58,58,86,37,47,55,90,35,66,50,85,36,57,58,25.819,5.775,4.469,10.546,20.61,3.7,1.832,10.446,17.607,1.946,1.986,10.286,20.457,3.663,3.579,9.267,14.522,2.373,1.126,5.89
Image 13: Nail Bar,Salon,4,2,1,3,"Bright Colors, Dramatic, Vibrant","Light Orange, Luxurious, Well-Pronounced","Gray Walls, Gloomy, Dark","Dark Green, Neat, Polished",1,3,2,4,"Left Sign, Right Sign, Central Door","Right Sign, Right Window, Central Door","Central Door, Right Sign, Minimal Else","Central Door, Three Small, Main Focus",78,42,68,32,75,36,77,35,78,34,61,30,78,33,80,37,76,41,72,41,31.285,4.42,5.036,15.736,27.784,6.708,2.839,12.817,24.616,4.249,2.45,10.927,32.34,4.362,3.601,12.658,36.148,3.284,2.069,14.179
Image 14: Hair Salon,Salon,2,4,3,1,"Too Many Colors, Yellow Lining, Out of Place","Orange Features, Natural, Simplistic","Brighter Parts, Unnatural Contrast, Extreme","Brown Wood, Modern, Well-Defined",2,4,1,3,"Central Door, Store Sign, Minimal Else","Store Sign, Central Door, Dual Focus","Central Door, Single Focus, Minimal Else","Central Door, Main Focus, Minimal Else",54,41,65,29,87,38,64,30,69,32,67,39,86,32,64,40,84,38,69,38,26.903,7.179,4.972,8.728,30.027,6.943,3.33,11.575,24.332,4.229,2.388,9.72,24.059,3.853,2.787,8.984,41.386,3.485,1.899,9.198
Image 15: Massage Center,Salon,1,2,4,3,"Red Store Sign, White Backdrop, Complementary","Black And White, Modern, Simplistic","Maroon Red, Shadows, Too Many Colors","Green-Brown, Not Neat, Less Polished",2,4,1,3,"Left Sign, Right Sign, Central Door","Left Sign, Right Sign, Central Door","Central Door, Left Sign, Right Sign","Store Sign, Central Door, Balanced Focus",60,38,59,35,79,39,71,24,67,37,68,24,82,34,69,35,77,31,63,40,29.471,4.071,4.494,12.777,32.274,6.819,3.31,12.324,25.685,3.513,3.298,14.188,22.937,3.533,1.534,10.878,38.707,3.596,1.877,12.486
Image 16: Tattoo Bar,Salon,2,4,1,3,"Red Store Sign, Natural, Suitable","Black Store Sign, Neat, Well-Defined","Comic-Like, Bright, Vivid Colors","Dark Green, Modern, Black Strands",4,3,2,1,"Central Door, Store Sign, Minimal Else","Central Door, Store Sign, Minimal Else","Left Sign, Right Sign, Central Door","Store Sign, Central Door, Store Dominant",71,37,48,28,90,34,63,31,80,32,58,31,79,31,70,26,78,39,66,41,23.058,3.052,3.501,8.766,27.07,7.097,3.477,12.328,24.356,3.331,2.45,13.113,24.485,3.669,4.208,12.745,31.726,2.337,2.437,10.623
Image 17: Hair Salon,Salon,1,4,2,3,"Bright, Welcoming, Red Window Frames","White Window Frames, Difficult To Read, Contrast","Bright Blue, Peach Red, Unfitting","Light Brown Wood, Modern, Well-Defined",1,4,3,2,"Five Regions, Scattered, Highest Attention","Upper Window, Dual Focus, Minimal Else","Upper Window, Right Focus, Store Sign","Upper Window, Scattered, Store Sign",71,49,60,47,72,42,61,48,88,40,67,37,78,38,68,39,76,38,61,43,27.153,3.277,4.182,10.228,21.428,4.319,2.323,7.554,24.73,3.087,1.883,15.585,30.105,5.598,4.014,13.633,38.463,1.85,2.416,14.454
Image 18: Hair Salon,Salon,3,1,4,2,"Bold Sign, Compliments, Clear","Black Store Sign, Difficult To Read, Blurry","Aqua Blue, Neat, Modern","Green-White, Soft, Dull",3,1,2,4,"Store Sign, Bottom Window, Three Regions","Bottom Right, Store Sign, Dual Focus","Store Sign, Windows, Artwork","Bottom Right, Single Focus, Minimal Else",81,43,61,21,71,34,81,40,77,34,58,33,54,36,60,39,77,33,51,29,32.088,4.317,4.992,14.605,30.898,4.687,2.186,12.307,36.364,3.93,4.918,18.518,26.636,2.263,0.841,11.006,33.614,6.248,3.954,13.555
Image 19: Barber Shop,Salon,2,1,3,4,"Warm Color Scheme, Fitting, Natural","White Store Sign, Neat, Well-Defined","Colorful, Bright, Nice Scheme","Alternating Colors, Difficult To Read, Simplistic",4,3,1,2,"Central Door, Left Sign, Expanded Focus","Central Door, Left Sign, Minimal Else","Central Door, Left Sign, Broad Focus","Left Sign, Right Sign, Central Door",65,49,44,24,75,40,60,28,80,39,54,30,68,36,71,26,64,41,38,26,26.359,3.451,3.357,14.939,27.533,5.182,3.873,12.003,31.415,6.238,4.929,13.368,31.94,2.952,3.811,14.92,42.331,3.784,2.42,21.659
Image 20: Kids Barber Shop,Salon,1,2,4,3,"Bold Sign, Neat, Modern","Orange Store Sign, Sharp, Clear","Bright Colors, Complex, Too Many Colors","Dark Green Store Sign, Extreme, Poor Contrast",1,2,3,4,"Store Sign, Bottom Figure, Dual Focus","Store Sign, Bottom Figure, Minimal Else","Store Sign, Single Focus, Minimal Else","Store Sign, Single Focus, Minimal Else",74,33,62,33,66,24,58,19,66,24,58,19,48,27,61,18,60,24,53,33,32.561,5.764,3.588,13.721,34.024,6.068,3.833,13.767,43.734,6.059,3.652,19.517,41.3,6.145,4.933,22.106,38.246,1.018,0.914,19.761
Image 21: Massage Center,Salon,1,4,2,3,"Strong Contrast, Clear, Sharp appearance","Dark, Indistinct, Unfriendly","Cheap Look, Purple, Unattractive","Shadows, Natural, Soft",3,4,1,2,"Upper Sign, Single Focus, Minimal Else","Upper Sign, Single Focus, Minimal Else","Store Sign, Central Window, Dual Focus","Upper Sign, Lower Sign, Dual Focus",49,25,84,48,59,25,53,48,63,26,39,20,40,24,62,22,59,25,55,26,39.234,7.152,5.1,18.776,43.148,7.925,3.52,18.168,48.071,5.509,3.803,17.053,39.06,4.454,3.491,18.765,30.482,2.685,2.833,13.919
Image 22: Hair Salon,Salon,3,2,1,4,"Bright, Red-Blue Contrast, Shadowed","Modern, Neat, Low Contrast","Colorful, Dark Background, Welcoming","Blurry, Cluttered, Wooden",3,2,1,4,"Left Sign, Right Sign, Bottom Windows","Left Sign, Right Sign, Bottom Windows","Left Sign, Right Sign, Bottom Windows","Right Sign, Central Window, Minimal Else",48,32,73,40,60,34,67,33,57,33,68,30,50,32,70,25,61,32,71,40,33.357,3.839,5.315,16.919,33.014,3.8,2.655,14.201,36.308,5.232,4.593,17.779,41.493,5.232,5.311,17.061,31.58,1.162,2.209,15.582
Image 23: Beauty Salon,Salon,2,1,4,3,"Eye-Catching, Red, Well Matched","Tidy, Gray-White Contrast, Modern","Purple Roof, Cheap Feel, Aged","Blurry, Natural, Brown-Green",4,3,1,2,"Left Sign, Right Sign, Bottom Windows","Left Sign, Right Sign, Minimal Else","Left Sign, Right Sign, Roof Center","Left Sign, Right Sign, Roof Center",67,31,76,38,76,37,62,24,77,31,51,23,74,30,74,39,63,29,71,35,27.827,3.066,3.781,14.929,31.977,3.665,1.603,11.415,27.301,5.142,2.718,9.972,31.922,5.629,6.947,11.977,29.704,2.012,2.194,14.237
Image 24: Hair Salon,Salon,2,4,1,3,"Abrupt Colors, Over Contrast, Deep Blue","Clear, Reflective, Pale","Bright, Cheap Look, Unattractive","Soft, Brown-Green, Modern",4,1,2,3,"Left Below Sign, Right Below Sign, Uneven Focus","Center Below Sign, Broad Area, Minimal Else","Center Below Sign, Smaller Focus, Minimal Else","Left Below Sign, Right Below Sign, Dual Focus",51,50,58,41,75,42,66,42,78,36,67,36,91,36,61,27,79,41,79,33,31.312,6.226,5.061,15.391,24.749,2.596,1.85,9.823,20.535,4.679,1.321,3.211,26.743,4.495,3.083,8.529,41.329,1.438,1.379,20.545
Image 25: Hair and Nail Salon,Salon,3,2,4,1,"Bright Red, Cartoonish, Vivid","Black Frame, Clear, Contrasting","Soft, Natural, Brown-Gray Harmony","Colorful, Cluttered, High Contrast",3,1,4,2,"Left Window, Right Window, Equal Focus","Left Window, Right Window, Central Door","Right Window, Left Window, Central Door","Left Window, Central Door, Expanded Focus",76,53,73,14,74,38,72,26,77,33,62,24,66,38,66,27,75,35,56,47,30.438,4.708,6.624,16.796,27.651,4.944,1.89,10.491,32.568,6.245,5.17,13.571,26.948,2.3,3.464,13.222,31.531,2.879,2.293,14.149
Image 26: Hair Salon,Salon,4,2,1,3,"Bright, Unnatural, High Contrast","Black Logo, Low Contrast, Brown Base","Blurry, Aged Look, Yellow-Green Mix","Modern, Clear, White-Green Natural",2,1,3,4,"Below Sign, Right Window, Store Sign","Store Sign, Below Sign, Right Window","Below Sign, Three Focus, Minimal Else","Left Banner, Central Window, Minimal Else",68,67,78,49,64,41,84,43,64,42,81,51,73,42,85,40,88,42,66,38,33.715,4.279,5.352,14.746,32.298,4.37,2.997,17.452,34.012,6.084,3.353,12.854,20.753,3.847,1.85,9.622,34.073,3.151,3.856,17.431
Image 27: Nail Bar,Salon,4,2,1,3,"Red, Poor Reflection, Extreme","Modern, Gray-Orange, Slightly Dark","Pink, Aged, Unattractive","White, Brown, Modern",1,2,3,4,"Store Sign, Central Window, Bottom Signs","Central Window, Right Sign, Adjacent Windows","Central Window, Single Focus, Surrounding Attention","Central Window, Bottom Left, Bottom Right",41,57,74,42,49,42,71,28,70,40,59,26,69,39,63,34,73,39,66,33,49.835,6.176,8.677,23.341,34.503,4.582,3.619,16.229,38.566,4.08,3.828,16.195,30.099,4.895,5.061,10.406,49.192,2.925,3.509,26.592
Image 28: Nail Spa,Salon,2,3,4,1,"Bright Blue, Brown Base, Too Bright","Modern, Tidy, Gray-Orange","Soft, Natural, Blue-Brown Combo","Wooden, Green, Cluttered",2,4,1,3,"Store Sign, Below Sign, Strong Below Focus","Left Sign, Right Sign, Below Sign","Left Sign, Below Sign, Right Sign","Central Window, Green Connected, Loose Regions",50,51,60,19,60,33,52,28,55,35,47,17,68,35,56,18,62,34,63,30,33.552,3.783,5.157,17.62,35.652,7.607,2.815,13.006,29.578,3.24,2.926,12.044,31.716,7.549,6.052,11.743,35.284,6.946,3.424,16.372
Image 29: Nail Spa,Salon,2,3,4,1,"Red-White, Cheap Look, Bright","Orange-Black, Strong Contrast, Modern","Colorful, Dark Background, Welcoming","Brown, Green Sign, Dim",2,1,3,4,"Store Sign, Below Sign, Strong Below Focus","Left Sign, Right Sign, Below Sign","Left Sign, Below Sign, Right Sign","Central Window, Green Connected, Loose Regions",58,46,72,47,65,38,71,35,65,37,70,23,66,35,68,25,69,35,79,42,38.368,4.552,6.549,16.298,33.661,3.344,4.637,19.807,36.808,5.472,5.122,19.467,29.956,6.125,5.953,14.553,38.53,5.697,4.202,17.74
Image 30: Nail Spa and Wax Center,Salon,2,3,1,4,"Maroon, White Frame, Jarring","Modern, Black-Orange, Clear","Vividly, Natural, Colorful","Cluttered, Multicolored, Indistinct",4,3,2,1,"Left Sign, Broad Focus, Window","Left Sign, Right Sign, Below Sign","Left Sign, Right Sign, Below Sign","Store Sign, Below Sign, Bottom Left Window",67,46,58,36,80,43,64,52,74,41,46,18,79,35,61,30,55,37,55,48,24.787,1.936,3.882,11.565,26.108,5,2.502,10.617,22.571,4.507,2.693,7.602,32.97,3.231,3.281,13.567,29.939,4.098,2.655,14.567
Image 31: Nail and Hair,Salon,2,4,3,1,"Red, Cartoonish, Cheap","Gray-White Contrast, Clear, Crisp","Shadows, Mixed Colors, Chaotic","Soft, Orange-Green Mix, Natural",3,4,1,2,"Central Window, Store Sign, Expanded Focus","Central Window, Store Sign, Some Surrounding","Store Sign, Central Window, Balanced Focus","Store Sign, Below Sign, Minimal Else",65,44,90,43,59,29,57,35,74,29,46,18,49,28,61,25,60,28,47,29,42.527,4.585,6.985,20.809,34.047,4.588,3.87,12.256,40.657,5.698,3.784,16.452,33.592,5.11,3.769,12.921,62.155,5.752,2.915,20.221
Image 32: Nail Bar,Salon,2,1,3,4,"Simple, Luxurious, Clear","Minimalist, Black-White Contrast, Clear","Orange Sign, Blue-Gray Background, Prominent","Cyan, Wooden Feel, Colorful",3,2,4,1,"Store Sign, Surrounding Features, Bottom Windows","Store Sign, Central Window, Balanced Focus","Store Sign, Central Window, Stronger Sign Focus","Left Sign, Right Sign, Central Window",72,51,69,35,78,35,59,27,74,34,70,20,76,33,57,24,74,37,62,30,23.176,4.687,3.6,10.203,25.817,4.866,2.267,12.19,25.459,4.262,3.078,9.638,23.957,4.367,2.423,9.529,29.111,2.977,2.085,11.915
Image 33: Nail Bar,Salon,1,3,4,2,"Blue Roof, Red Sign, Clear","Dim, Unattractive, Indistinct","Welcoming, Color Defined, High Contrast","Modern Feel, Blurry, Hard To Read",1,2,4,3,"Bottom Left, Store Sign, Adjacent Tree","Store Sign, Bottom Left, Minimal Else","Bottom Left, Single Focus, No Surrounding","Bottom Left, Store Sign, Door",80,44,87,38,80,39,75,23,80,31,73,50,87,32,76,31,85,30,71,31,24.597,3.021,4.47,10.961,21.663,2.795,2.084,11.601,19.982,1.774,3.038,8.789,17.938,2.806,1.235,5.76,30.885,3.698,2.029,13.393
Image 34: Facial Spa,Salon,2,1,4,3,"Red-Gray Contrast, Clear, Bright","Simple, Defined Features, Clear","Dull, Aged, Roof Not Highlighted","Black-Green Mix, Blurry, Unfriendly",3,1,4,2,"Store Sign, Central Door, Balanced Focus","Right Window, Central Door, Minimal Else","Right Window, Central Door, Balanced Focus","Central Door, Right Window, Store Sign",88,43,67,45,73,36,65,34,89,35,67,27,69,32,60,31,81,30,68,50,30.459,5.396,3.984,10.24,19.802,3.231,1.395,8.845,33.136,6.488,3.069,13.211,24.367,3.932,3.347,10.119,26.038,2.769,1.786,12.554
Image 35: Facial Salon,Salon,1,2,4,3,"Yellow-Blue Contrast, Clear, Striking","Orange-Black, Indistinct, High Contrast","Color Chaos, Bright, Purple-Blue-Red","Wooden Feel, Brown-Green, Cluttered",3,1,2,4,"Store Sign, Central Window, Adjacent Windows","Central Door, Left Window, Store Sign","Store Sign, Right Window, Central Door","Central Door, Right Window, Store Sign",67,48,62,44,66,37,67,44,71,39,63,31,59,49,89,27,72,35,74,42,34.981,5.951,5.595,12.048,33.735,5.506,4.343,15.135,23.146,4.551,2.544,9.196,32.034,10.463,3.515,14.387,38.816,2.348,2.025,15.658
Image 36: Hair and Nail,Salon,2,4,1,3,"White-Brown Contrast, Shadowed, Blurry","Simple, Orange Highlight, Harmonious","Colorful Doors & Windows, Cluttered, Overloaded","Brown, Soft, Modern-Natural",1,2,3,4,"Central Door, Left Window, Pillar","Central Door, Bulletin Board, Adjacent Windows","Central Door, Minimal Else, Adjacent Windows","Central Door, Minimal Else, Adjacent Windows",61,42,74,34,75,34,72,46,84,34,73,43,82,33,71,37,89,33,77,33,27.141,3.922,4.505,17.031,21.547,3.35,1.58,8.977,,,,,19.242,3.22,2.829,6.455,23.313,1.028,1.553,12.181
Image 37: Barber Shop,Salon,2,1,3,4,"Red Sign, Bright, Clear Structure","Modern, Elegant, Sharp Contrast","Animated Feel, Colorful, Unfitting","Darkest, Unwelcoming, Hard To Read",3,1,2,4,"Bottom Sign Left, Bottom Sign Right, Upper Sign","Bottom Sign, Minimal Else, Focused Center","Store Sign, Bottom Window, Largest Focus","Upper Sign, Bottom Left, Minimal Else",50,34,62,69,73,31,44,37,81,32,64,36,63,30,51,57,69,31,58,42,29.287,4.482,3.565,15.01,22.106,3.098,1.816,10.434,31.277,4.596,3.551,12.222,35.359,4.669,2.458,20.192,32.01,1.571,2.407,14.722
Image 38: Hair Designer,Salon,4,1,2,3,"Bright, Vibrant, Welcoming","Dark Gray, Black, Cold","Animated, Colorful, Cartoonish","Simplistic, Natural, Wooden",2,4,1,3,"Store Sign, Central Window, Minimal Else","Left Sign, Right Sign, Central Window","Central Window, Minimal Else, Store Sign","Left Sign, Right Sign, Central Window",78,43,61,40,82,41,78,26,69,41,71,28,87,50,77,28,73,37,74,30,22.795,5.143,3.7,10.032,29.306,3.112,2.219,12.347,18.603,3.92,1.586,5.82,22.49,1.961,0.776,6.183,27.454,1.007,2.784,13.362
Image 39: Beauty Salon,Salon,2,4,1,3,"Too Bright, Cluttered, Overcolored","Simple, White-Gray Contrast, Natural","Poor Contrast, Purple, Rainbow Sign","Modern, Wooden, Green Tiles",3,2,2,1,"Store Sign, Central Window, Adjacent Windows","Store Sign, Central Window, Equal Focus","Store Sign, Central Window, Slight Sign Focus","Store Sign, Central Window, Bottom Plant",73,66,74,54,73,45,68,30,70,49,78,37,70,44,76,33,66,40,72,25,26.472,3.985,2.93,14.964,29.931,5.261,3.218,13.075,26.64,3.115,2.626,13.575,33.585,6.928,4.12,11.905,47.557,6.248,4.81,28.296